trade_date,ts_code,name,level,open,low,high,close,change,pct_change,vol,amount,pe,pb,float_mv,total_mv
2023-01-03,859622.SI,油气及炼化工程,L3,2653.96,2630.28,2702.19,2688.25,37.46,1.41,12296.0,52331.0,51.17,1.27,2706950.0,6266570.0
2023-01-04,859622.SI,油气及炼化工程,L3,2680.7,2657.78,2751.61,2731.83,43.58,1.62,11762.0,53967.0,52.0,1.29,2750840.0,6364840.0
2023-01-05,859622.SI,油气及炼化工程,L3,2714.09,2692.1,2747.42,2729.84,-1.98,-0.07,10305.0,47425.0,51.97,1.29,2748840.0,6353500.0
2023-01-06,859622.SI,油气及炼化工程,L3,2734.8,2699.31,2752.93,2707.87,-21.98,-0.81,9745.0,43196.0,51.55,1.28,2726710.0,6302830.0
2023-01-09,859622.SI,油气及炼化工程,L3,2705.53,2676.67,2733.27,2691.92,-15.95,-0.59,8724.0,39777.0,51.24,1.27,2710650.0,6267800.0
2023-01-10,859622.SI,油气及炼化工程,L3,2700.39,2634.27,2705.37,2648.45,-43.47,-1.61,9633.0,42349.0,50.42,1.25,2666880.0,6159980.0
2023-01-11,859622.SI,油气及炼化工程,L3,2652.33,2636.46,2729.85,2689.31,40.86,1.54,13422.0,71238.0,51.19,1.27,2708020.0,6246000.0
2023-01-12,859622.SI,油气及炼化工程,L3,2701.18,2678.94,2750.69,2698.96,9.65,0.36,10153.0,48784.0,51.38,1.27,2717750.0,6269490.0
2023-01-13,859622.SI,油气及炼化工程,L3,2698.72,2677.0,2717.95,2699.42,0.46,0.02,6949.0,32745.0,51.39,1.27,2718210.0,6277780.0
2023-01-16,859622.SI,油气及炼化工程,L3,2702.67,2686.02,2770.38,2740.87,41.44,1.54,11640.0,53250.0,52.18,1.29,2759940.0,6367980.0
2023-01-17,859622.SI,油气及炼化工程,L3,2745.67,2723.11,2772.73,2755.81,14.94,0.55,7951.0,37053.0,52.46,1.3,2774990.0,6401710.0
2023-01-18,859622.SI,油气及炼化工程,L3,2749.87,2744.65,2825.21,2800.8,44.99,1.63,15895.0,68957.0,53.32,1.32,2820300.0,6515720.0
2023-01-19,859622.SI,油气及炼化工程,L3,2784.09,2755.26,2820.99,2798.35,-2.46,-0.09,14653.0,65441.0,53.27,1.32,2817820.0,6500580.0
2023-01-20,859622.SI,油气及炼化工程,L3,2830.44,2802.09,2892.69,2878.53,80.18,2.87,14446.0,73989.0,54.8,1.36,2898560.0,6689220.0
2023-01-30,859622.SI,油气及炼化工程,L3,2907.75,2838.91,2972.32,2878.11,-0.42,-0.01,19400.0,104925.0,54.79,1.36,2898140.0,6675010.0
2023-01-31,859622.SI,油气及炼化工程,L3,2883.98,2850.56,2924.53,2895.0,16.89,0.59,12719.0,66554.0,55.11,1.37,2915150.0,6716040.0
2023-02-01,859622.SI,油气及炼化工程,L3,2908.72,2878.14,2951.63,2942.86,47.86,1.65,14684.0,67739.0,56.02,1.39,2963340.0,6830220.0
2023-02-02,859622.SI,油气及炼化工程,L3,2929.2,2899.34,2970.95,2934.2,-8.66,-0.29,18317.0,87681.0,55.86,1.39,2954620.0,6812420.0
2023-02-03,859622.SI,油气及炼化工程,L3,2932.09,2889.22,2951.02,2919.51,-14.69,-0.5,11920.0,57134.0,55.58,1.38,2939820.0,6771500.0
2023-02-06,859622.SI,油气及炼化工程,L3,2909.21,2885.89,2976.22,2950.53,31.02,1.06,13115.0,63660.0,56.17,1.39,2971060.0,6841280.0
2023-02-07,859622.SI,油气及炼化工程,L3,2958.76,2916.82,2973.75,2949.89,-0.65,-0.02,10550.0,52105.0,56.15,1.39,2970410.0,6841560.0
2023-02-08,859622.SI,油气及炼化工程,L3,2958.5,2924.69,3005.09,2948.76,-1.12,-0.04,19051.0,88013.0,56.13,1.39,2969280.0,6835500.0
2023-02-09,859622.SI,油气及炼化工程,L3,2932.14,2921.67,2977.33,2965.45,16.69,0.57,12998.0,61111.0,56.45,1.4,2986090.0,6871830.0
2023-02-10,859622.SI,油气及炼化工程,L3,2957.02,2934.48,2992.79,2974.69,9.24,0.31,9502.0,46787.0,56.63,1.4,2995390.0,6896690.0
2023-02-13,859622.SI,油气及炼化工程,L3,2981.32,2948.92,3009.17,2993.29,18.6,0.63,10170.0,50855.0,56.98,1.41,3014120.0,6943450.0
2023-02-14,859622.SI,油气及炼化工程,L3,2995.54,2983.08,3060.25,3021.46,28.17,0.94,12858.0,63132.0,57.52,1.43,3042490.0,7001160.0
2023-02-15,859622.SI,油气及炼化工程,L3,3021.61,2931.14,3041.26,2943.77,-77.69,-2.57,13868.0,67849.0,56.04,1.39,2964260.0,6812850.0
2023-02-16,859622.SI,油气及炼化工程,L3,2947.3,2863.39,2976.56,2888.21,-55.56,-1.89,16568.0,81467.0,54.98,1.36,2908310.0,6699740.0
2023-02-17,859622.SI,油气及炼化工程,L3,2894.99,2887.1,2944.35,2905.26,17.04,0.59,9518.0,45123.0,55.31,1.37,2925470.0,6737640.0
2023-02-20,859622.SI,油气及炼化工程,L3,2910.93,2880.34,2933.93,2913.78,8.52,0.29,9257.0,44763.0,55.47,1.38,2934050.0,6769970.0
2023-02-21,859622.SI,油气及炼化工程,L3,2918.48,2906.93,2991.14,2966.06,52.28,1.79,11269.0,53107.0,56.46,1.4,2986700.0,6898690.0
2023-02-22,859622.SI,油气及炼化工程,L3,2963.44,2918.59,2971.91,2941.65,-24.4,-0.82,7429.0,38648.0,56.0,1.39,2962120.0,6839300.0
2023-02-23,859622.SI,油气及炼化工程,L3,2948.83,2896.81,2965.65,2913.51,-28.14,-0.96,8325.0,40684.0,55.46,1.38,2933780.0,6775320.0
2023-02-24,859622.SI,油气及炼化工程,L3,2916.1,2881.95,2942.66,2916.38,2.87,0.1,7654.0,37659.0,55.52,1.38,2936670.0,6778680.0
2023-02-27,859622.SI,油气及炼化工程,L3,2909.9,2885.87,2956.61,2913.64,-2.74,-0.09,8060.0,38888.0,55.46,1.38,2933920.0,6780430.0
2023-02-28,859622.SI,油气及炼化工程,L3,2917.82,2884.78,2970.08,2934.72,21.08,0.72,9433.0,49565.0,55.87,1.39,2955140.0,6822520.0
2023-03-01,859622.SI,油气及炼化工程,L3,2934.0,2900.5,2956.02,2933.87,-0.84,-0.03,9381.0,44144.0,55.85,1.39,2954290.0,6827330.0
2023-03-02,859622.SI,油气及炼化工程,L3,2934.89,2929.23,3017.19,2982.36,48.49,1.65,12195.0,56521.0,56.77,1.41,3003120.0,6949330.0
2023-03-03,859622.SI,油气及炼化工程,L3,2989.09,2955.24,3020.94,3002.46,20.09,0.67,15608.0,67061.0,57.16,1.42,3023350.0,7021070.0
2023-03-06,859622.SI,油气及炼化工程,L3,3010.89,2983.37,3044.71,3006.11,3.66,0.12,14989.0,68353.0,57.34,1.42,3027340.0,7059050.0
2023-03-07,859622.SI,油气及炼化工程,L3,2992.27,2978.59,3109.06,3028.59,22.47,0.75,26144.0,124095.0,57.77,1.43,3049970.0,7113720.0
2023-03-08,859622.SI,油气及炼化工程,L3,3029.14,2893.19,3044.94,2942.79,-85.8,-2.83,17999.0,92234.0,56.13,1.39,2963560.0,6907970.0
2023-03-09,859622.SI,油气及炼化工程,L3,2941.17,2915.67,2991.0,2959.45,16.67,0.57,10940.0,53435.0,56.45,1.4,2980340.0,6933990.0
2023-03-10,859622.SI,油气及炼化工程,L3,2954.72,2866.74,2962.22,2877.12,-82.33,-2.78,12404.0,56811.0,54.88,1.36,2897430.0,6734690.0
2023-03-13,859622.SI,油气及炼化工程,L3,2901.77,2895.47,3027.75,2974.73,97.62,3.39,22759.0,101325.0,56.74,1.41,2995740.0,6969320.0
2023-03-14,859622.SI,油气及炼化工程,L3,2958.3,2902.03,3002.53,2927.27,-47.46,-1.6,19536.0,86872.0,55.84,1.39,2947940.0,6876820.0
2023-03-15,859622.SI,油气及炼化工程,L3,2931.75,2903.21,3045.81,3026.31,99.04,3.38,25511.0,109220.0,57.72,1.43,3047680.0,7170880.0
2023-03-16,859622.SI,油气及炼化工程,L3,2994.89,2832.35,3041.07,2862.36,-163.96,-5.42,47162.0,203452.0,54.6,1.36,2882560.0,6826310.0
2023-03-17,859622.SI,油气及炼化工程,L3,2866.75,2840.46,2972.55,2946.48,84.12,2.94,52744.0,230636.0,56.2,1.4,2967280.0,7102950.0
2023-03-20,859622.SI,油气及炼化工程,L3,2954.85,2871.82,3029.63,2892.57,-53.91,-1.83,54737.0,255712.0,55.17,1.37,2912990.0,6965010.0
2023-03-21,859622.SI,油气及炼化工程,L3,2922.83,2830.7,2954.1,2881.36,-11.21,-0.39,37644.0,169831.0,32.65,1.35,2901700.0,6930470.0
2023-03-22,859622.SI,油气及炼化工程,L3,2887.64,2857.03,2921.93,2878.79,-2.56,-0.09,24687.0,112496.0,32.62,1.35,2899120.0,6881900.0
2023-03-23,859622.SI,油气及炼化工程,L3,2881.35,2843.17,2913.07,2872.28,-6.51,-0.23,23547.0,105093.0,32.55,1.34,2892560.0,6882760.0
2023-03-24,859622.SI,油气及炼化工程,L3,2856.15,2780.01,2876.19,2797.96,-74.32,-2.59,26396.0,117863.0,31.71,1.31,2817710.0,6681800.0
2023-03-27,859622.SI,油气及炼化工程,L3,2804.39,2735.46,2816.08,2761.55,-36.41,-1.3,18251.0,82870.0,31.3,1.29,2781050.0,6594660.0
2023-03-28,859622.SI,油气及炼化工程,L3,2810.24,2790.98,2939.97,2899.53,137.98,5.0,55511.0,254896.0,32.86,1.35,2920000.0,6955050.0
2023-03-29,859622.SI,油气及炼化工程,L3,2870.04,2781.56,2884.68,2814.7,-84.84,-2.93,35097.0,155956.0,31.9,1.32,2834570.0,6728850.0
2023-03-30,859622.SI,油气及炼化工程,L3,2806.24,2769.11,2874.34,2819.12,4.42,0.16,25624.0,112970.0,31.95,1.32,2839020.0,6758060.0
2023-03-31,859622.SI,油气及炼化工程,L3,2816.62,2781.73,2857.1,2831.03,11.91,0.42,20320.0,88041.0,32.08,1.32,2851010.0,6769120.0
2023-04-03,859622.SI,油气及炼化工程,L3,2887.14,2876.26,3033.25,2961.55,130.52,4.61,36160.0,179947.0,33.56,1.38,2982460.0,7048400.0
2023-04-04,859622.SI,油气及炼化工程,L3,2973.65,2945.55,3056.78,2996.93,35.38,1.19,35323.0,164177.0,33.96,1.4,3018090.0,7169980.0
2023-04-06,859622.SI,油气及炼化工程,L3,2988.13,2945.38,3071.27,3000.75,3.82,0.13,24563.0,117594.0,34.01,1.4,3021930.0,7176040.0
2023-04-07,859622.SI,油气及炼化工程,L3,2998.71,2943.48,3026.76,2979.59,-21.15,-0.7,17834.0,84677.0,33.77,1.39,3000620.0,7110980.0
2023-04-10,859622.SI,油气及炼化工程,L3,2975.71,2937.04,3049.76,3001.65,22.06,0.74,22137.0,102198.0,34.02,1.4,3022840.0,7191140.0
2023-04-11,859622.SI,油气及炼化工程,L3,2991.16,2927.15,3012.96,2979.78,-21.87,-0.73,17353.0,82599.0,33.77,1.39,3000820.0,7133760.0
2023-04-12,859622.SI,油气及炼化工程,L3,2987.25,2966.02,3051.58,3018.99,39.21,1.32,22213.0,109776.0,34.21,1.41,3040300.0,7228870.0
2023-04-13,859622.SI,油气及炼化工程,L3,3040.53,3019.7,3171.02,3110.88,91.89,3.04,55244.0,259401.0,35.25,1.45,3132840.0,7521360.0
2023-04-14,859622.SI,油气及炼化工程,L3,3115.82,3051.42,3180.22,3134.5,23.62,0.76,45841.0,216610.0,35.52,1.46,3156620.0,7626160.0
2023-04-17,859622.SI,油气及炼化工程,L3,3124.44,3097.82,3228.17,3160.66,26.16,0.83,42055.0,206790.0,35.82,1.48,3182970.0,7693530.0
2023-04-18,859622.SI,油气及炼化工程,L3,3151.87,3077.16,3174.31,3123.17,-37.49,-1.19,26836.0,132895.0,35.39,1.46,3145220.0,7571390.0
2023-04-19,859622.SI,油气及炼化工程,L3,3106.32,3075.36,3168.13,3109.77,-13.39,-0.43,21940.0,107301.0,35.24,1.45,3131730.0,7555340.0
2023-04-20,859622.SI,油气及炼化工程,L3,3090.69,3028.43,3116.74,3097.11,-12.66,-0.41,19771.0,100291.0,35.1,1.45,3118980.0,7537220.0
2023-04-21,859622.SI,油气及炼化工程,L3,3097.91,2990.89,3122.93,3003.03,-94.09,-3.04,23105.0,114939.0,32.32,1.4,3024230.0,7294400.0
2023-04-24,859622.SI,油气及炼化工程,L3,3001.95,2924.28,3027.58,2945.31,-57.72,-1.92,19006.0,94014.0,31.36,1.38,2966100.0,7144910.0
2023-04-25,859622.SI,油气及炼化工程,L3,2962.84,2887.62,3017.18,2951.54,6.24,0.21,27002.0,131803.0,31.42,1.38,2972380.0,7234360.0
2023-04-26,859622.SI,油气及炼化工程,L3,2947.98,2900.14,3006.57,2969.28,17.73,0.6,21196.0,102844.0,31.61,1.38,2990240.0,7239160.0
2023-04-27,859622.SI,油气及炼化工程,L3,2938.71,2896.78,2991.79,2954.01,-15.27,-0.51,22832.0,111359.0,31.45,1.37,2974860.0,7253010.0
2023-04-28,859622.SI,油气及炼化工程,L3,3015.74,2969.59,3141.23,3083.28,129.27,4.38,32497.0,177807.0,32.82,1.42,3105050.0,7565150.0
2023-05-04,859622.SI,油气及炼化工程,L3,3030.93,2954.29,3095.37,3048.98,-34.31,-1.11,27558.0,143281.0,26.92,1.4,3070500.0,7527280.0
2023-05-05,859622.SI,油气及炼化工程,L3,3039.15,2975.65,3079.28,3019.7,-29.27,-0.96,24643.0,129037.0,26.66,1.39,3041020.0,7456020.0
2023-05-08,859622.SI,油气及炼化工程,L3,3030.09,3018.64,3175.11,3117.81,98.11,3.25,32961.0,176351.0,27.52,1.43,3139820.0,7721340.0
2023-05-09,859622.SI,油气及炼化工程,L3,3160.49,3073.64,3207.15,3088.85,-28.96,-0.93,31603.0,163140.0,27.27,1.42,3110660.0,7569000.0
2023-05-10,859622.SI,油气及炼化工程,L3,3102.66,2915.35,3126.0,2941.89,-146.96,-4.76,36238.0,173595.0,25.97,1.35,2962660.0,7217480.0
2023-05-11,859622.SI,油气及炼化工程,L3,2923.86,2875.39,2958.67,2897.66,-44.23,-1.5,24645.0,113237.0,25.58,1.33,2918110.0,7088360.0
2023-05-12,859622.SI,油气及炼化工程,L3,2890.74,2840.45,2931.52,2849.17,-48.49,-1.67,18678.0,85347.0,25.15,1.31,2869280.0,6956770.0
2023-05-15,859622.SI,油气及炼化工程,L3,2853.71,2789.58,2882.43,2867.26,18.09,0.63,17151.0,78578.0,25.31,1.32,2887500.0,7012800.0
2023-05-16,859622.SI,油气及炼化工程,L3,2863.26,2783.68,2896.62,2795.99,-71.26,-2.49,20649.0,91352.0,24.68,1.29,2815730.0,6784590.0
2023-05-17,859622.SI,油气及炼化工程,L3,2794.27,2779.97,2849.51,2835.86,39.87,1.43,11887.0,54119.0,25.03,1.3,2855880.0,6876880.0
2023-05-18,859622.SI,油气及炼化工程,L3,2848.71,2843.05,2934.75,2872.32,36.46,1.29,19936.0,96664.0,25.36,1.32,2892600.0,6957890.0
2023-05-19,859622.SI,油气及炼化工程,L3,2866.75,2782.22,2872.4,2804.73,-67.59,-2.35,16611.0,78883.0,24.76,1.29,2824530.0,6794990.0
2023-05-22,859622.SI,油气及炼化工程,L3,2802.04,2764.47,2821.46,2807.26,2.53,0.09,12579.0,59166.0,24.78,1.29,2827080.0,6791010.0
2023-05-23,859622.SI,油气及炼化工程,L3,2798.01,2751.84,2825.4,2753.79,-53.47,-1.9,12599.0,57080.0,24.31,1.27,2773230.0,6643080.0
2023-05-24,859622.SI,油气及炼化工程,L3,2759.7,2727.54,2790.89,2755.68,1.89,0.07,11482.0,52444.0,24.33,1.27,2775130.0,6642440.0
2023-05-25,859622.SI,油气及炼化工程,L3,2740.76,2724.5,2792.93,2779.59,23.91,0.87,13219.0,60814.0,24.54,1.28,2799220.0,6711150.0
2023-05-26,859622.SI,油气及炼化工程,L3,2756.38,2725.92,2803.72,2784.51,4.91,0.18,10673.0,49672.0,24.58,1.28,2804160.0,6718240.0
2023-05-29,859622.SI,油气及炼化工程,L3,2790.06,2772.29,2865.7,2833.93,49.42,1.77,15455.0,72186.0,25.02,1.3,2853930.0,6867800.0
2023-05-30,859622.SI,油气及炼化工程,L3,2828.14,2797.49,2866.49,2851.56,17.63,0.62,13925.0,65241.0,25.17,1.31,2871690.0,6912630.0
2023-05-31,859622.SI,油气及炼化工程,L3,2827.14,2777.05,2854.66,2819.21,-32.35,-1.13,12580.0,60280.0,24.89,1.3,2839110.0,6811370.0
2023-06-01,859622.SI,油气及炼化工程,L3,2809.38,2797.21,2901.85,2854.43,35.23,1.25,13855.0,64675.0,25.2,1.31,2874580.0,6894970.0
2023-06-02,859622.SI,油气及炼化工程,L3,2874.2,2824.83,2884.79,2841.6,-12.84,-0.45,10105.0,47876.0,25.08,1.31,2861660.0,6862630.0
2023-06-05,859622.SI,油气及炼化工程,L3,2857.36,2821.37,2884.41,2836.1,-5.5,-0.19,11342.0,53572.0,25.04,1.3,2856120.0,6852430.0
2023-06-06,859622.SI,油气及炼化工程,L3,2834.92,2775.43,2851.84,2780.41,-55.69,-1.96,12448.0,58435.0,24.54,1.28,2800040.0,6726150.0
2023-06-07,859622.SI,油气及炼化工程,L3,2780.98,2765.8,2822.56,2791.78,11.37,0.41,8645.0,40959.0,24.65,1.28,2811490.0,6753780.0
2023-06-08,859622.SI,油气及炼化工程,L3,2805.1,2767.83,2827.46,2802.16,10.38,0.37,10200.0,48029.0,24.74,1.29,2821940.0,6798180.0
2023-06-09,859622.SI,油气及炼化工程,L3,2802.17,2776.6,2826.66,2810.69,8.52,0.3,8817.0,43528.0,24.81,1.29,2830530.0,6809760.0
2023-06-12,859622.SI,油气及炼化工程,L3,2791.69,2753.56,2835.97,2780.16,-30.53,-1.09,9894.0,50290.0,24.54,1.28,2799780.0,6718370.0
2023-06-13,859622.SI,油气及炼化工程,L3,2761.2,2729.41,2806.08,2777.4,-2.76,-0.1,13783.0,63002.0,24.52,1.28,2797000.0,6696880.0
2023-06-14,859622.SI,油气及炼化工程,L3,2793.16,2773.56,2835.35,2780.42,3.02,0.11,10177.0,54573.0,24.54,1.28,2800050.0,6701700.0
2023-06-15,859622.SI,油气及炼化工程,L3,2773.86,2739.78,2793.23,2767.42,-13.0,-0.47,8773.0,41825.0,24.43,1.27,2786950.0,6672560.0
2023-06-16,859622.SI,油气及炼化工程,L3,2776.86,2769.08,2853.33,2805.19,37.77,1.36,17479.0,94568.0,24.76,1.29,2824990.0,6783460.0
2023-06-19,859622.SI,油气及炼化工程,L3,2800.8,2744.69,2810.66,2752.0,-53.19,-1.9,12580.0,69012.0,24.29,1.27,2771430.0,6651350.0
2023-06-20,859622.SI,油气及炼化工程,L3,2754.82,2714.63,2763.07,2715.98,-36.03,-1.31,10107.0,50110.0,23.98,1.25,2735150.0,6552140.0
2023-06-21,859622.SI,油气及炼化工程,L3,2707.7,2678.11,2748.54,2683.3,-32.68,-1.2,10577.0,49512.0,23.69,1.23,2702240.0,6462500.0
2023-06-26,859622.SI,油气及炼化工程,L3,2669.55,2640.94,2718.22,2650.49,-32.81,-1.22,9975.0,49898.0,23.4,1.22,2669200.0,6386500.0
2023-06-27,859622.SI,油气及炼化工程,L3,2646.22,2643.67,2753.27,2736.76,86.28,3.26,13502.0,61002.0,24.16,1.26,2756080.0,6619090.0
2023-06-28,859622.SI,油气及炼化工程,L3,2739.63,2688.97,2758.6,2746.7,9.93,0.36,8907.0,44559.0,24.25,1.26,2766090.0,6640360.0
2023-06-29,859622.SI,油气及炼化工程,L3,2747.32,2707.3,2763.98,2729.24,-17.46,-0.64,7260.0,35423.0,24.09,1.25,2748510.0,6597060.0
2023-06-30,859622.SI,油气及炼化工程,L3,2731.14,2721.73,2796.09,2782.98,53.74,1.97,13039.0,60084.0,24.57,1.28,2802620.0,6756670.0
2023-07-03,859622.SI,油气及炼化工程,L3,2787.27,2775.52,2894.42,2869.73,86.76,3.12,15388.0,86218.0,25.33,1.32,2889990.0,6952500.0
2023-07-04,859622.SI,油气及炼化工程,L3,2869.73,2851.9,2940.53,2907.29,37.55,1.31,13903.0,76889.0,25.66,1.34,2927810.0,7024460.0
2023-07-05,859622.SI,油气及炼化工程,L3,2905.43,2888.06,2966.79,2926.6,19.32,0.66,11888.0,65111.0,25.84,1.35,2947260.0,7064320.0
2023-07-06,859622.SI,油气及炼化工程,L3,2918.92,2903.38,2965.21,2946.14,19.54,0.67,10520.0,56468.0,24.63,1.29,2809390.0,6863900.0
2023-07-07,859622.SI,油气及炼化工程,L3,2947.3,2917.44,2976.54,2951.01,4.87,0.17,8215.0,44232.0,24.67,1.29,2814040.0,6885890.0
2023-07-10,859622.SI,油气及炼化工程,L3,2956.77,2910.18,2978.58,2940.54,-10.47,-0.35,6965.0,37890.0,24.58,1.29,2804050.0,6858160.0
2023-07-11,859622.SI,油气及炼化工程,L3,2971.67,2926.76,3002.07,2953.55,13.01,0.44,7371.0,44088.0,24.69,1.29,2816460.0,6886760.0
2023-07-12,859622.SI,油气及炼化工程,L3,2987.57,2943.74,3017.31,2957.79,4.24,0.14,11085.0,58180.0,24.72,1.3,2820500.0,6871210.0
2023-07-13,859622.SI,油气及炼化工程,L3,2953.69,2934.26,3007.27,2982.67,24.88,0.84,11043.0,58750.0,24.93,1.31,2844220.0,6950450.0
2023-07-14,859622.SI,油气及炼化工程,L3,2987.81,2959.37,3036.52,3012.69,30.03,1.01,12137.0,62212.0,25.18,1.32,2872860.0,7035990.0
2023-07-17,859622.SI,油气及炼化工程,L3,2990.25,2925.24,3001.86,2982.97,-29.72,-0.99,9755.0,53692.0,24.93,1.31,2844510.0,6965490.0
2023-07-18,859622.SI,油气及炼化工程,L3,2965.21,2937.38,2984.9,2961.17,-21.8,-0.73,6845.0,37104.0,24.75,1.3,2823720.0,6904910.0
2023-07-19,859622.SI,油气及炼化工程,L3,2961.75,2935.7,2988.58,2973.82,12.65,0.43,5911.0,31796.0,24.86,1.3,2835780.0,6933170.0
2023-07-20,859622.SI,油气及炼化工程,L3,2964.23,2914.26,2991.22,2926.55,-47.27,-1.59,6472.0,34315.0,24.46,1.28,2790710.0,6818410.0
2023-07-21,859622.SI,油气及炼化工程,L3,2923.48,2891.71,2958.77,2904.26,-22.29,-0.76,5928.0,30531.0,24.28,1.27,2769450.0,6764170.0
2023-07-24,859622.SI,油气及炼化工程,L3,2896.43,2868.56,2929.56,2902.73,-1.53,-0.05,5748.0,28961.0,24.26,1.27,2767990.0,6770640.0
2023-07-25,859622.SI,油气及炼化工程,L3,2929.15,2904.08,2960.61,2930.45,27.73,0.96,6084.0,32420.0,24.5,1.29,2794430.0,6839460.0
2023-07-26,859622.SI,油气及炼化工程,L3,2920.06,2877.53,2938.3,2891.71,-38.74,-1.32,6436.0,32735.0,24.17,1.27,2757490.0,6738280.0
2023-07-27,859622.SI,油气及炼化工程,L3,2894.82,2856.05,2924.81,2878.74,-12.98,-0.45,6804.0,38136.0,24.06,1.26,2745120.0,6703850.0
2023-07-28,859622.SI,油气及炼化工程,L3,2877.4,2854.89,2931.61,2920.77,42.03,1.46,8652.0,52652.0,24.41,1.28,2785200.0,6801110.0
2023-07-31,859622.SI,油气及炼化工程,L3,2928.35,2890.94,2964.05,2930.9,10.14,0.35,11321.0,63350.0,24.5,1.29,2794860.0,6840970.0
2023-08-01,859622.SI,油气及炼化工程,L3,2942.44,2918.94,2983.2,2954.83,23.92,0.82,13215.0,69908.0,24.7,1.3,2817680.0,6895010.0
2023-08-02,859622.SI,油气及炼化工程,L3,2958.67,2896.68,2973.52,2919.83,-35.0,-1.18,11055.0,61372.0,24.41,1.28,2784310.0,6799380.0
2023-08-03,859622.SI,油气及炼化工程,L3,2914.27,2896.31,2944.18,2925.38,5.54,0.19,7854.0,47013.0,24.45,1.28,2789590.0,6815910.0
2023-08-04,859622.SI,油气及炼化工程,L3,2936.47,2903.76,2970.74,2916.03,-9.34,-0.32,9919.0,54124.0,24.38,1.28,2780680.0,6798240.0
2023-08-07,859622.SI,油气及炼化工程,L3,2929.74,2894.1,2963.89,2909.67,-6.37,-0.22,13771.0,72927.0,24.32,1.27,2774610.0,6768180.0
2023-08-08,859622.SI,油气及炼化工程,L3,2916.52,2888.7,2937.32,2904.96,-4.71,-0.16,8332.0,46033.0,24.28,1.27,2770120.0,6757130.0
2023-08-09,859622.SI,油气及炼化工程,L3,2917.62,2850.59,2933.21,2861.89,-43.07,-1.48,11146.0,56736.0,23.92,1.25,2729050.0,6642790.0
2023-08-10,859622.SI,油气及炼化工程,L3,2883.08,2869.35,2956.21,2930.13,68.25,2.38,19047.0,100185.0,24.49,1.28,2794130.0,6818040.0
2023-08-11,859622.SI,油气及炼化工程,L3,2927.23,2815.77,2933.25,2824.36,-105.77,-3.61,17047.0,86061.0,23.61,1.24,2693270.0,6559350.0
2023-08-14,859622.SI,油气及炼化工程,L3,2806.48,2776.24,2854.42,2843.9,19.54,0.69,9911.0,50268.0,23.77,1.24,2711900.0,6623230.0
2023-08-15,859622.SI,油气及炼化工程,L3,2835.84,2791.32,2862.25,2834.8,-9.1,-0.32,7557.0,39009.0,23.7,1.24,2703220.0,6600630.0
2023-08-16,859622.SI,油气及炼化工程,L3,2817.18,2773.66,2839.4,2784.6,-50.2,-1.77,8209.0,43303.0,23.28,1.22,2655350.0,6479740.0
2023-08-17,859622.SI,油气及炼化工程,L3,2772.5,2736.06,2814.44,2800.98,16.37,0.59,8837.0,45329.0,23.41,1.23,2670970.0,6513880.0
2023-08-18,859622.SI,油气及炼化工程,L3,2796.17,2784.34,2860.59,2811.01,10.03,0.36,8778.0,44882.0,23.5,1.23,2680530.0,6521470.0
2023-08-21,859622.SI,油气及炼化工程,L3,2810.43,2709.71,2838.33,2728.04,-82.97,-2.95,13242.0,70719.0,22.8,1.19,2601420.0,6343600.0
2023-08-22,859622.SI,油气及炼化工程,L3,2730.38,2702.38,2780.03,2763.48,35.44,1.3,9997.0,50401.0,23.1,1.21,2635210.0,6435730.0
2023-08-23,859622.SI,油气及炼化工程,L3,2755.66,2733.04,2803.58,2761.86,-1.62,-0.06,7942.0,42941.0,23.09,1.21,2633670.0,6425670.0
2023-08-24,859622.SI,油气及炼化工程,L3,2769.77,2695.76,2791.12,2708.4,-53.46,-1.94,9295.0,44188.0,22.64,1.18,2582690.0,6288260.0
2023-08-25,859622.SI,油气及炼化工程,L3,2703.46,2670.44,2742.6,2696.55,-11.86,-0.44,8445.0,39798.0,22.54,1.18,2571380.0,6260370.0
2023-08-28,859622.SI,油气及炼化工程,L3,2824.35,2728.1,2836.23,2736.67,40.13,1.49,13450.0,66588.0,22.88,1.19,2609650.0,6361880.0
2023-08-29,859622.SI,油气及炼化工程,L3,2749.18,2720.37,2778.61,2752.23,15.56,0.57,9654.0,49047.0,23.01,1.2,2624490.0,6394180.0
2023-08-30,859622.SI,油气及炼化工程,L3,2755.3,2720.2,2778.51,2733.93,-18.3,-0.66,9098.0,43900.0,22.85,1.19,2607040.0,6334720.0
2023-08-31,859622.SI,油气及炼化工程,L3,2735.11,2687.39,2747.83,2705.64,-28.29,-1.03,8122.0,40412.0,22.62,1.18,2580060.0,6262180.0
2023-09-01,859622.SI,油气及炼化工程,L3,2711.78,2685.37,2747.54,2736.38,30.74,1.14,9479.0,45691.0,21.75,1.19,2609370.0,6349180.0
2023-09-04,859622.SI,油气及炼化工程,L3,2770.99,2762.75,2894.22,2869.75,133.37,4.87,21247.0,113444.0,22.81,1.25,2736550.0,6642640.0
2023-09-05,859622.SI,油气及炼化工程,L3,2866.97,2803.46,2876.8,2841.63,-28.12,-0.98,13076.0,68324.0,22.59,1.24,2709730.0,6574640.0
2023-09-06,859622.SI,油气及炼化工程,L3,2874.93,2826.45,2909.69,2872.39,30.76,1.08,18030.0,95755.0,22.83,1.25,2739060.0,6630040.0
2023-09-07,859622.SI,油气及炼化工程,L3,2851.79,2832.37,2930.36,2878.53,6.15,0.21,21726.0,119607.0,22.88,1.26,2744920.0,6626790.0
2023-09-08,859622.SI,油气及炼化工程,L3,2852.45,2810.54,2925.49,2885.3,6.77,0.24,18045.0,95220.0,22.94,1.26,2751380.0,6655460.0
2023-09-11,859622.SI,油气及炼化工程,L3,2885.63,2860.92,2944.92,2903.54,18.24,0.63,16401.0,87994.0,23.08,1.27,2768770.0,6708000.0
2023-09-12,859622.SI,油气及炼化工程,L3,2899.43,2867.15,2940.35,2897.2,-6.34,-0.22,10561.0,63724.0,23.03,1.26,2762720.0,6695120.0
2023-09-13,859622.SI,油气及炼化工程,L3,2899.63,2881.93,2981.28,2905.56,8.36,0.29,15597.0,89338.0,23.1,1.27,2770700.0,6712180.0
2023-09-14,859622.SI,油气及炼化工程,L3,2904.06,2886.42,2942.59,2920.78,15.22,0.52,12459.0,69615.0,23.22,1.28,2785210.0,6755480.0
2023-09-15,859622.SI,油气及炼化工程,L3,2947.29,2929.9,3017.54,2944.43,23.65,0.81,17794.0,98043.0,23.48,1.29,2829500.0,6811790.0
2023-09-18,859622.SI,油气及炼化工程,L3,2931.48,2874.96,2955.07,2904.79,-39.64,-1.35,12387.0,66979.0,23.16,1.27,2791410.0,6718850.0
2023-09-19,859622.SI,油气及炼化工程,L3,2910.04,2896.68,2946.53,2910.34,5.55,0.19,11372.0,59870.0,23.21,1.27,2796740.0,6734230.0
2023-09-20,859622.SI,油气及炼化工程,L3,2904.82,2870.0,2921.5,2880.99,-29.35,-1.01,8364.0,47424.0,22.97,1.26,2768540.0,6663230.0
2023-09-21,859622.SI,油气及炼化工程,L3,2872.02,2852.1,2908.66,2864.76,-16.23,-0.56,7118.0,37931.0,22.84,1.25,2752950.0,6628550.0
2023-09-22,859622.SI,油气及炼化工程,L3,2877.75,2834.17,2901.17,2871.86,7.09,0.25,7843.0,46253.0,22.9,1.26,2759760.0,6648060.0
2023-09-25,859622.SI,油气及炼化工程,L3,2862.85,2834.83,2900.43,2842.29,-29.57,-1.03,8537.0,44593.0,22.66,1.24,2731350.0,6576150.0
2023-09-26,859622.SI,油气及炼化工程,L3,2847.19,2829.48,2904.38,2855.55,13.26,0.47,10204.0,54115.0,22.77,1.25,2744090.0,6595260.0
2023-09-27,859622.SI,油气及炼化工程,L3,2852.11,2845.43,2939.46,2903.37,47.82,1.67,14028.0,73014.0,23.15,1.27,2790040.0,6704460.0
2023-09-28,859622.SI,油气及炼化工程,L3,2965.67,2915.8,3000.38,2944.77,41.41,1.43,17949.0,100564.0,23.48,1.29,2829830.0,6784930.0
2023-10-09,859622.SI,油气及炼化工程,L3,2919.09,2854.14,2941.38,2894.98,-49.79,-1.69,16318.0,89946.0,23.09,1.27,2781980.0,6659440.0
2023-10-10,859622.SI,油气及炼化工程,L3,2902.63,2865.95,2992.26,2891.46,-3.52,-0.12,21730.0,132884.0,23.06,1.27,2778600.0,6622890.0
2023-10-11,859622.SI,油气及炼化工程,L3,2878.34,2773.92,2888.86,2797.98,-93.48,-3.23,21242.0,119866.0,22.31,1.23,2688770.0,6411020.0
2023-10-12,859622.SI,油气及炼化工程,L3,2794.15,2747.6,2822.49,2774.61,-23.37,-0.84,14538.0,80791.0,22.13,1.22,2666310.0,6391420.0
2023-10-13,859622.SI,油气及炼化工程,L3,2765.75,2742.16,2795.64,2777.01,2.41,0.09,10319.0,58432.0,22.14,1.22,2668620.0,6378960.0
2023-10-16,859622.SI,油气及炼化工程,L3,2808.8,2807.64,2957.07,2931.53,154.51,5.56,30549.0,182896.0,23.38,1.28,2817100.0,6672040.0
2023-10-17,859622.SI,油气及炼化工程,L3,2911.98,2859.82,3017.01,2977.03,45.51,1.55,42069.0,267850.0,23.74,1.3,2860830.0,6762540.0
2023-10-18,859622.SI,油气及炼化工程,L3,2971.85,2887.92,3009.29,2904.27,-72.76,-2.44,27390.0,167679.0,23.16,1.27,2790910.0,6598520.0
2023-10-19,859622.SI,油气及炼化工程,L3,2906.33,2794.05,2919.51,2805.72,-98.55,-3.39,23426.0,136034.0,22.37,1.23,2696200.0,6380200.0
2023-10-20,859622.SI,油气及炼化工程,L3,2827.42,2771.09,2875.9,2804.19,-1.53,-0.05,22329.0,132496.0,22.36,1.23,2694740.0,6370410.0
2023-10-23,859622.SI,油气及炼化工程,L3,2754.96,2680.15,2773.35,2703.37,-100.82,-3.6,20658.0,116469.0,21.56,1.18,2597850.0,6160570.0
2023-10-24,859622.SI,油气及炼化工程,L3,2691.27,2681.31,2769.92,2750.19,46.82,1.73,15864.0,88038.0,21.93,1.2,2642850.0,6264150.0
2023-10-25,859622.SI,油气及炼化工程,L3,2758.98,2753.59,2864.89,2814.02,63.83,2.32,17131.0,93212.0,22.44,1.23,2704180.0,6396860.0
2023-10-26,859622.SI,油气及炼化工程,L3,2813.21,2755.45,2836.18,2796.62,-17.4,-0.62,15495.0,84487.0,22.3,1.22,2687460.0,6364340.0
2023-10-27,859622.SI,油气及炼化工程,L3,2774.58,2757.48,2850.1,2834.81,38.19,1.37,17167.0,92809.0,22.61,1.24,2724160.0,6436740.0
2023-10-30,859622.SI,油气及炼化工程,L3,2823.45,2753.07,2852.49,2803.79,-31.02,-1.09,17180.0,94723.0,22.36,1.22,2694350.0,6359450.0
2023-10-31,859622.SI,油气及炼化工程,L3,2788.69,2742.79,2807.83,2779.89,-23.91,-0.85,16288.0,84358.0,22.17,1.2,2671380.0,6310140.0
2023-11-01,859622.SI,油气及炼化工程,L3,2784.69,2710.92,2788.47,2755.78,-24.1,-0.87,12019.0,63337.0,21.24,1.19,2648220.0,6265880.0
2023-11-02,859622.SI,油气及炼化工程,L3,2754.32,2739.38,2792.03,2766.28,10.5,0.38,13537.0,72072.0,21.32,1.2,2658310.0,6286160.0
2023-11-03,859622.SI,油气及炼化工程,L3,2775.24,2751.46,2800.1,2771.53,5.25,0.19,13305.0,67560.0,21.36,1.2,2663360.0,6297280.0
2023-11-06,859622.SI,油气及炼化工程,L3,2766.8,2686.76,2786.7,2725.49,-46.04,-1.66,17174.0,95970.0,21.0,1.18,2619110.0,6203540.0
2023-11-07,859622.SI,油气及炼化工程,L3,2714.41,2693.75,2741.0,2724.59,-0.91,-0.03,11858.0,64164.0,21.0,1.18,2618240.0,6203360.0
2023-11-08,859622.SI,油气及炼化工程,L3,2708.36,2633.19,2722.92,2689.56,-35.02,-1.29,14612.0,74898.0,20.73,1.16,2584580.0,6119200.0
2023-11-09,859622.SI,油气及炼化工程,L3,2685.79,2656.74,2694.09,2663.39,-26.17,-0.97,9394.0,48535.0,20.53,1.15,2559430.0,6066200.0
2023-11-10,859622.SI,油气及炼化工程,L3,2660.27,2637.05,2701.89,2683.04,19.65,0.74,12349.0,62004.0,20.68,1.16,2578310.0,6097580.0
2023-11-13,859622.SI,油气及炼化工程,L3,2683.86,2668.43,2739.06,2728.92,45.88,1.71,14472.0,80110.0,21.03,1.18,2622400.0,6197280.0
2023-11-14,859622.SI,油气及炼化工程,L3,2729.98,2701.43,2760.01,2741.52,12.6,0.46,11012.0,61216.0,21.13,1.19,2634510.0,6224670.0
2023-11-15,859622.SI,油气及炼化工程,L3,2750.23,2714.49,2763.18,2732.26,-9.26,-0.34,12160.0,64466.0,21.06,1.18,2625610.0,6202870.0
2023-11-16,859622.SI,油气及炼化工程,L3,2727.43,2714.03,2787.18,2739.87,7.61,0.28,12079.0,66303.0,21.11,1.19,2632930.0,6220590.0
2023-11-17,859622.SI,油气及炼化工程,L3,2729.28,2701.61,2757.47,2747.02,7.14,0.26,11048.0,58442.0,21.17,1.19,2639790.0,6232910.0
2023-11-20,859622.SI,油气及炼化工程,L3,2751.14,2741.27,2825.71,2816.11,69.1,2.52,13659.0,73755.0,21.7,1.22,2706200.0,6370940.0
2023-11-21,859622.SI,油气及炼化工程,L3,2817.39,2793.67,2849.61,2809.33,-6.78,-0.24,13012.0,65891.0,21.65,1.22,2699680.0,6366670.0
2023-11-22,859622.SI,油气及炼化工程,L3,2809.94,2771.8,2829.78,2778.16,-31.18,-1.11,9689.0,48572.0,21.41,1.2,2669720.0,6290440.0
2023-11-23,859622.SI,油气及炼化工程,L3,2764.76,2752.01,2797.98,2786.38,8.23,0.3,7781.0,40033.0,21.47,1.21,2677620.0,6308870.0
2023-11-24,859622.SI,油气及炼化工程,L3,2785.4,2746.55,2799.71,2757.04,-29.34,-1.05,9184.0,46808.0,21.25,1.19,2649430.0,6246720.0
2023-11-27,859622.SI,油气及炼化工程,L3,2753.53,2717.2,2768.37,2750.67,-6.37,-0.23,9684.0,48241.0,21.2,1.19,2643310.0,6234660.0
2023-11-28,859622.SI,油气及炼化工程,L3,2743.75,2725.31,2775.54,2761.61,10.93,0.4,6635.0,33466.0,21.28,1.2,2653810.0,6247690.0
2023-11-29,859622.SI,油气及炼化工程,L3,2759.54,2733.02,2777.32,2748.62,-12.99,-0.47,7209.0,36423.0,21.18,1.19,2641330.0,6216470.0
2023-11-30,859622.SI,油气及炼化工程,L3,2748.3,2733.79,2806.35,2784.86,36.25,1.32,9501.0,49984.0,21.46,1.21,2676160.0,6289720.0
2023-12-01,859622.SI,油气及炼化工程,L3,2775.03,2758.18,2812.46,2782.73,-2.13,-0.08,9046.0,45235.0,21.45,1.2,2674110.0,6299430.0
2023-12-04,859622.SI,油气及炼化工程,L3,2788.42,2749.51,2811.44,2768.85,-13.88,-0.5,9945.0,51458.0,21.34,1.2,2660780.0,6272620.0
2023-12-05,859622.SI,油气及炼化工程,L3,2767.77,2693.36,2773.27,2697.36,-71.49,-2.58,10177.0,48785.0,20.79,1.17,2592080.0,6107780.0
2023-12-06,859622.SI,油气及炼化工程,L3,2688.93,2667.78,2710.12,2683.14,-14.23,-0.53,7632.0,37198.0,20.68,1.16,2578410.0,6070530.0
2023-12-07,859622.SI,油气及炼化工程,L3,2670.87,2645.1,2690.35,2653.44,-29.7,-1.11,7677.0,39133.0,20.44,1.15,2546420.0,6011350.0
2023-12-08,859622.SI,油气及炼化工程,L3,2651.98,2615.42,2682.66,2624.5,-28.94,-1.09,11013.0,57977.0,20.22,1.14,2518660.0,5948950.0
2023-12-11,859622.SI,油气及炼化工程,L3,2626.12,2578.91,2670.59,2661.67,37.17,1.42,10062.0,48004.0,20.51,1.15,2554330.0,6034530.0
2023-12-12,859622.SI,油气及炼化工程,L3,2661.64,2624.63,2672.08,2662.36,0.69,0.03,7231.0,35485.0,20.51,1.15,2554990.0,6041290.0
2023-12-13,859622.SI,油气及炼化工程,L3,2646.91,2604.14,2657.24,2613.24,-49.12,-1.85,7455.0,38573.0,20.13,1.13,2507850.0,5928200.0
2023-12-14,859622.SI,油气及炼化工程,L3,2632.18,2605.62,2644.82,2621.47,8.23,0.31,5719.0,28521.0,20.2,1.13,2515750.0,5943720.0
2023-12-15,859622.SI,油气及炼化工程,L3,2631.91,2595.76,2652.74,2602.0,-19.47,-0.74,6221.0,32067.0,20.05,1.13,2497060.0,5901880.0
2023-12-18,859622.SI,油气及炼化工程,L3,2595.25,2561.27,2607.17,2567.93,-34.07,-1.31,6583.0,31692.0,19.78,1.11,2464370.0,5828340.0
2023-12-19,859622.SI,油气及炼化工程,L3,2582.34,2533.34,2590.24,2552.44,-15.49,-0.6,6175.0,29801.0,19.66,1.1,2449500.0,5788060.0
2023-12-20,859622.SI,油气及炼化工程,L3,2562.01,2550.88,2611.58,2568.15,15.71,0.62,7694.0,37550.0,19.79,1.11,2464580.0,5816610.0
2023-12-21,859622.SI,油气及炼化工程,L3,2566.87,2524.11,2600.34,2556.67,-11.47,-0.45,7738.0,37335.0,19.7,1.11,2453570.0,5792400.0
2023-12-22,859622.SI,油气及炼化工程,L3,2554.5,2527.95,2580.54,2546.03,-10.64,-0.42,7455.0,35844.0,19.61,1.1,2443360.0,5767790.0
2023-12-25,859622.SI,油气及炼化工程,L3,2546.68,2503.07,2559.44,2534.6,-11.43,-0.45,6286.0,30703.0,19.53,1.1,2432380.0,5742820.0
2023-12-26,859622.SI,油气及炼化工程,L3,2532.38,2500.86,2550.28,2511.96,-22.65,-0.89,6106.0,29195.0,19.35,1.09,2410650.0,5697820.0
2023-12-27,859622.SI,油气及炼化工程,L3,2516.02,2509.21,2604.87,2594.68,82.72,3.29,8392.0,41665.0,19.99,1.12,2490040.0,5874430.0
2023-12-28,859622.SI,油气及炼化工程,L3,2595.91,2554.11,2643.63,2599.36,4.68,0.18,8687.0,41736.0,20.03,1.12,2494530.0,5890500.0
2023-12-29,859622.SI,油气及炼化工程,L3,2596.29,2558.42,2606.64,2591.3,-8.05,-0.31,7904.0,37824.0,19.96,1.12,2486800.0,5869440.0
2024-01-02,859622.SI,油气及炼化工程,L3,2590.21,2580.93,2664.33,2644.2,52.9,2.04,9309.0,46349.0,20.37,1.14,2537560.0,5982940.0
2024-01-03,859622.SI,油气及炼化工程,L3,2636.26,2615.25,2670.17,2657.13,12.93,0.49,8621.0,41909.0,20.47,1.15,2549970.0,6022940.0
2024-01-04,859622.SI,油气及炼化工程,L3,2664.24,2643.9,2693.95,2674.41,17.29,0.65,8531.0,42525.0,20.6,1.16,2566560.0,6059010.0
2024-01-05,859622.SI,油气及炼化工程,L3,2670.68,2638.14,2695.36,2649.72,-24.69,-0.92,9461.0,46737.0,20.41,1.15,2542860.0,6010330.0
2024-01-08,859622.SI,油气及炼化工程,L3,2648.27,2584.19,2656.39,2588.97,-60.75,-2.29,7391.0,36974.0,19.95,1.12,2484560.0,5873540.0
2024-01-09,859622.SI,油气及炼化工程,L3,2581.79,2557.07,2620.56,2589.49,0.52,0.02,6534.0,32307.0,19.95,1.12,2485060.0,5869630.0
2024-01-10,859622.SI,油气及炼化工程,L3,2598.41,2543.4,2606.87,2560.73,-28.77,-1.11,6526.0,31970.0,19.81,1.11,2499680.0,5802510.0
2024-01-11,859622.SI,油气及炼化工程,L3,2563.34,2533.01,2578.35,2561.28,0.55,0.02,7048.0,34443.0,19.81,1.11,2500220.0,5800380.0
2024-01-12,859622.SI,油气及炼化工程,L3,2564.36,2557.9,2621.14,2593.12,31.84,1.24,11873.0,52785.0,20.06,1.13,2531300.0,5861980.0
2024-01-15,859622.SI,油气及炼化工程,L3,2578.85,2552.82,2614.59,2600.45,7.33,0.28,8819.0,40556.0,20.11,1.13,2538460.0,5891530.0
2024-01-16,859622.SI,油气及炼化工程,L3,2592.61,2527.76,2609.67,2560.46,-39.99,-1.54,9891.0,46230.0,19.8,1.11,2499420.0,5803030.0
2024-01-17,859622.SI,油气及炼化工程,L3,2553.71,2492.05,2565.21,2498.64,-61.81,-2.41,7922.0,38048.0,19.33,1.09,2439080.0,5660050.0
2024-01-18,859622.SI,油气及炼化工程,L3,2489.94,2373.7,2496.72,2444.14,-54.51,-2.18,13059.0,58010.0,18.9,1.06,2385870.0,5544320.0
2024-01-19,859622.SI,油气及炼化工程,L3,2435.21,2395.72,2467.21,2430.94,-13.2,-0.54,7533.0,35204.0,18.8,1.06,2372980.0,5525940.0
2024-01-22,859622.SI,油气及炼化工程,L3,2419.78,2268.65,2424.32,2286.94,-143.99,-5.92,10200.0,46781.0,17.69,1.0,2232420.0,5202590.0
2024-01-23,859622.SI,油气及炼化工程,L3,2283.27,2240.79,2323.25,2305.27,18.33,0.8,8860.0,37558.0,17.83,1.0,2250320.0,5261850.0
2024-01-24,859622.SI,油气及炼化工程,L3,2306.34,2268.76,2371.87,2362.59,57.32,2.49,10224.0,43095.0,18.27,1.03,2306270.0,5410000.0
2024-01-25,859622.SI,油气及炼化工程,L3,2374.42,2362.28,2513.91,2502.18,139.58,5.91,18341.0,74560.0,19.35,1.09,2442530.0,5741810.0
2024-01-26,859622.SI,油气及炼化工程,L3,2513.52,2487.58,2552.64,2524.24,22.07,0.88,15951.0,66865.0,19.52,1.1,2464070.0,5788100.0
2024-01-29,859622.SI,油气及炼化工程,L3,2534.59,2493.11,2621.48,2534.18,9.94,0.39,27944.0,108223.0,19.6,1.1,2473770.0,5853690.0
2024-01-30,859622.SI,油气及炼化工程,L3,2498.56,2429.28,2533.17,2439.1,-95.09,-3.75,19717.0,76789.0,18.87,1.06,2380950.0,5636940.0
2024-01-31,859622.SI,油气及炼化工程,L3,2440.69,2361.59,2472.28,2382.14,-56.95,-2.34,14952.0,59782.0,18.43,1.04,2325350.0,5518000.0
2024-02-01,859622.SI,油气及炼化工程,L3,2362.28,2292.0,2395.23,2318.02,-64.12,-2.69,16192.0,62915.0,17.93,1.01,2262760.0,5364500.0
2024-02-02,859622.SI,油气及炼化工程,L3,2311.02,2164.36,2350.73,2233.73,-84.29,-3.64,17721.0,71733.0,17.28,0.97,2180480.0,5180130.0
2024-02-05,859622.SI,油气及炼化工程,L3,2220.41,2008.01,2231.9,2075.62,-158.11,-7.08,22135.0,83032.0,16.05,0.9,2026140.0,4833870.0
2024-02-06,859622.SI,油气及炼化工程,L3,2034.25,1990.42,2230.14,2185.11,109.49,5.27,20906.0,75632.0,16.9,0.95,2133010.0,5122560.0
2024-02-07,859622.SI,油气及炼化工程,L3,2188.72,2148.08,2316.98,2281.3,96.19,4.4,20541.0,83718.0,17.65,0.99,2226910.0,5378670.0
2024-02-08,859622.SI,油气及炼化工程,L3,2296.12,2285.96,2433.58,2361.39,80.09,3.51,21592.0,91427.0,18.26,1.03,2305090.0,5529680.0
2024-02-19,859622.SI,油气及炼化工程,L3,2419.17,2347.97,2448.44,2398.25,36.86,1.56,15942.0,66785.0,18.55,1.04,2341080.0,5601180.0
2024-02-20,859622.SI,油气及炼化工程,L3,2394.56,2354.53,2423.39,2395.8,-2.45,-0.1,10694.0,44190.0,18.53,1.04,2338690.0,5586450.0
2024-02-21,859622.SI,油气及炼化工程,L3,2389.94,2361.06,2464.16,2406.36,10.56,0.44,15386.0,65626.0,18.61,1.05,2348990.0,5611070.0
2024-02-22,859622.SI,油气及炼化工程,L3,2400.18,2385.42,2446.97,2440.25,33.89,1.41,11058.0,46703.0,18.87,1.06,2382080.0,5683160.0
2024-02-23,859622.SI,油气及炼化工程,L3,2453.54,2424.18,2492.64,2482.79,42.54,1.74,14393.0,63626.0,19.2,1.08,2423600.0,5763850.0
2024-02-26,859622.SI,油气及炼化工程,L3,2474.56,2463.18,2555.22,2484.53,1.74,0.07,14449.0,64232.0,19.22,1.08,2425300.0,5753720.0
2024-02-27,859622.SI,油气及炼化工程,L3,2481.35,2460.52,2523.65,2515.92,31.39,1.26,10977.0,48634.0,19.46,1.09,2455940.0,5824300.0
2024-02-28,859622.SI,油气及炼化工程,L3,2508.11,2432.77,2560.77,2439.56,-76.36,-3.03,18953.0,80011.0,18.87,1.06,2381410.0,5681530.0
2024-02-29,859622.SI,油气及炼化工程,L3,2429.58,2423.33,2543.21,2536.07,96.51,3.96,13740.0,59976.0,19.62,1.1,2475610.0,5877550.0
2024-03-01,859622.SI,油气及炼化工程,L3,2566.24,2521.56,2635.64,2578.46,42.39,1.67,14793.0,76730.0,19.94,1.12,2516990.0,5968300.0
2024-03-04,859622.SI,油气及炼化工程,L3,2574.62,2525.75,2608.49,2586.33,7.87,0.31,13763.0,64234.0,20.0,1.13,2524680.0,5986180.0
2024-03-05,859622.SI,油气及炼化工程,L3,2582.17,2526.42,2607.6,2550.14,-36.2,-1.4,11120.0,51966.0,19.72,1.11,2489340.0,5911230.0
2024-03-06,859622.SI,油气及炼化工程,L3,2535.45,2533.55,2633.36,2600.16,50.02,1.96,9891.0,50753.0,20.11,1.13,2538170.0,6015650.0
2024-03-07,859622.SI,油气及炼化工程,L3,2593.99,2583.39,2678.02,2605.52,5.37,0.21,11512.0,55241.0,20.15,1.13,2543410.0,6033130.0
2024-03-08,859622.SI,油气及炼化工程,L3,2604.9,2577.98,2657.73,2643.13,37.61,1.44,10014.0,44341.0,20.44,1.15,2580120.0,6123390.0
2024-03-11,859622.SI,油气及炼化工程,L3,2650.02,2594.6,2666.71,2631.15,-11.98,-0.45,11174.0,50617.0,20.35,1.14,2568420.0,6090410.0
2024-03-12,859622.SI,油气及炼化工程,L3,2633.87,2577.22,2650.55,2602.44,-28.71,-1.09,11635.0,52030.0,20.13,1.13,2540400.0,6014960.0
2024-03-13,859622.SI,油气及炼化工程,L3,2599.67,2573.39,2626.37,2602.4,-0.04,0.0,10084.0,45823.0,20.13,1.13,2540360.0,6004460.0
2024-03-14,859622.SI,油气及炼化工程,L3,2619.72,2598.36,2659.87,2622.63,20.23,0.78,13264.0,58730.0,20.29,1.14,2560100.0,6046570.0
2024-03-15,859622.SI,油气及炼化工程,L3,2646.12,2616.53,2704.22,2695.7,73.07,2.79,13759.0,64790.0,20.85,1.17,2631430.0,6204420.0
2024-03-18,859622.SI,油气及炼化工程,L3,2700.66,2659.55,2737.95,2736.18,40.48,1.5,12461.0,62219.0,21.16,1.19,2670950.0,6295010.0
2024-03-19,859622.SI,油气及炼化工程,L3,2702.02,2581.88,2728.63,2584.77,-151.41,-5.53,23106.0,128019.0,23.07,1.12,2523150.0,5954490.0
2024-03-20,859622.SI,油气及炼化工程,L3,2570.5,2542.61,2614.22,2591.42,6.65,0.26,17700.0,88409.0,23.13,1.12,2529640.0,5980160.0
2024-03-21,859622.SI,油气及炼化工程,L3,2581.66,2553.88,2599.12,2573.63,-17.79,-0.69,11662.0,55805.0,22.97,1.12,2512280.0,5934110.0
2024-03-22,859622.SI,油气及炼化工程,L3,2569.79,2505.17,2579.03,2521.3,-52.33,-2.03,12551.0,57417.0,22.51,1.09,2461190.0,5815850.0
2024-03-25,859622.SI,油气及炼化工程,L3,2515.96,2495.7,2642.92,2568.71,47.42,1.88,20776.0,104178.0,22.93,1.11,2507480.0,5900300.0
2024-03-26,859622.SI,油气及炼化工程,L3,2550.37,2495.75,2575.27,2530.45,-38.26,-1.49,16252.0,79069.0,22.59,1.1,2470130.0,5820840.0
2024-03-27,859622.SI,油气及炼化工程,L3,2516.41,2482.16,2583.35,2511.24,-19.21,-0.76,13161.0,65773.0,22.42,1.09,2451370.0,5782050.0
2024-03-28,859622.SI,油气及炼化工程,L3,2508.1,2496.68,2649.7,2594.47,83.24,3.31,16805.0,89495.0,23.16,1.12,2532620.0,5963500.0
2024-03-29,859622.SI,油气及炼化工程,L3,2606.03,2598.15,2770.61,2736.61,142.13,5.48,27056.0,136275.0,24.43,1.19,2671360.0,6302020.0
2024-04-01,859622.SI,油气及炼化工程,L3,2720.91,2690.06,2781.51,2723.58,-13.03,-0.48,18642.0,99106.0,24.31,1.18,2658650.0,6258330.0
2024-04-02,859622.SI,油气及炼化工程,L3,2729.51,2712.16,2836.92,2773.3,49.72,1.83,24567.0,128994.0,24.76,1.2,2707190.0,6373140.0
2024-04-03,859622.SI,油气及炼化工程,L3,2784.34,2757.29,2894.39,2847.62,74.31,2.68,30015.0,158920.0,25.42,1.23,2779730.0,6529240.0
2024-04-08,859622.SI,油气及炼化工程,L3,2788.91,2742.76,2895.53,2827.43,-20.19,-0.71,29525.0,157728.0,25.24,1.22,2760020.0,6468120.0
2024-04-09,859622.SI,油气及炼化工程,L3,2799.73,2671.61,2825.95,2719.69,-107.74,-3.81,23063.0,124620.0,24.28,1.18,2654850.0,6254040.0
2024-04-10,859622.SI,油气及炼化工程,L3,2696.26,2672.26,2754.16,2716.43,-3.26,-0.12,16555.0,85590.0,24.25,1.18,2651670.0,6253400.0
2024-04-11,859622.SI,油气及炼化工程,L3,2708.69,2686.86,2811.99,2772.64,56.21,2.07,16757.0,87447.0,24.75,1.2,2706540.0,6389160.0
2024-04-12,859622.SI,油气及炼化工程,L3,2781.05,2735.73,2855.63,2796.77,24.13,0.87,23255.0,121532.0,24.91,1.21,2730100.0,6400780.0
2024-04-15,859622.SI,油气及炼化工程,L3,2753.43,2672.0,2844.45,2778.52,-18.26,-0.65,29234.0,140667.0,24.75,1.2,2712280.0,6420620.0
2024-04-16,859622.SI,油气及炼化工程,L3,2763.28,2631.51,2817.43,2659.7,-118.82,-4.28,34421.0,154810.0,23.69,1.15,2596290.0,6200900.0
2024-04-17,859622.SI,油气及炼化工程,L3,2658.23,2621.5,2736.22,2722.25,62.55,2.35,24859.0,115943.0,24.25,1.18,2657350.0,6323410.0
2024-04-18,859622.SI,油气及炼化工程,L3,2706.48,2640.72,2724.44,2658.11,-64.14,-2.36,20201.0,92161.0,23.67,1.15,2594740.0,6173760.0
2024-04-19,859622.SI,油气及炼化工程,L3,2669.57,2666.32,2902.6,2874.96,216.85,8.16,43980.0,226521.0,25.61,1.25,2806420.0,6614040.0
2024-04-22,859622.SI,油气及炼化工程,L3,2828.07,2683.35,2852.28,2697.17,-177.79,-6.18,41913.0,207131.0,24.93,1.17,2632870.0,6246380.0
2024-04-23,859622.SI,油气及炼化工程,L3,2681.98,2614.37,2741.92,2686.68,-10.49,-0.39,30062.0,145281.0,24.84,1.17,2622630.0,6188750.0
2024-04-24,859622.SI,油气及炼化工程,L3,2650.05,2631.37,2708.76,2691.04,4.36,0.16,20796.0,100237.0,24.88,1.17,2626890.0,6199660.0
2024-04-25,859622.SI,油气及炼化工程,L3,2685.11,2655.15,2741.22,2691.19,0.15,0.01,18810.0,93766.0,24.88,1.16,2627030.0,6203120.0
2024-04-26,859622.SI,油气及炼化工程,L3,2699.34,2674.09,2767.54,2721.0,29.81,1.11,22340.0,112928.0,25.15,1.17,2656130.0,6260020.0
2024-04-29,859622.SI,油气及炼化工程,L3,2701.43,2635.7,2733.59,2693.22,-27.78,-1.02,21398.0,102674.0,25.77,1.16,2629020.0,6211360.0
2024-04-30,859622.SI,油气及炼化工程,L3,2683.74,2668.58,2759.05,2696.29,3.07,0.11,19575.0,101867.0,25.8,1.16,2632020.0,6219460.0
2024-05-06,859622.SI,油气及炼化工程,L3,2666.33,2635.35,2739.98,2735.07,38.78,1.44,20076.0,99402.0,25.84,1.17,2669870.0,6319330.0
2024-05-07,859622.SI,油气及炼化工程,L3,2727.42,2691.32,2769.49,2723.89,-11.18,-0.41,16058.0,81998.0,25.73,1.17,2658950.0,6278580.0
2024-05-08,859622.SI,油气及炼化工程,L3,2708.87,2649.05,2730.2,2666.55,-57.34,-2.11,15860.0,78577.0,25.19,1.15,2602980.0,6148990.0
2024-05-09,859622.SI,油气及炼化工程,L3,2656.27,2652.73,2740.68,2711.5,44.95,1.69,15536.0,77305.0,25.61,1.16,2646860.0,6261730.0
2024-05-10,859622.SI,油气及炼化工程,L3,2720.34,2681.73,2750.25,2725.28,13.78,0.51,14029.0,70603.0,25.74,1.17,2660310.0,6292560.0
2024-05-13,859622.SI,油气及炼化工程,L3,2695.36,2654.48,2745.61,2711.02,-14.26,-0.52,16646.0,80018.0,25.61,1.16,2646390.0,6286560.0
2024-05-14,859622.SI,油气及炼化工程,L3,2713.58,2683.73,2758.46,2708.48,-2.54,-0.09,12305.0,61010.0,25.58,1.16,2643910.0,6291720.0
2024-05-15,859622.SI,油气及炼化工程,L3,2708.02,2671.0,2744.57,2688.98,-19.5,-0.72,11904.0,60600.0,25.4,1.15,2624870.0,6236080.0
2024-05-16,859622.SI,油气及炼化工程,L3,2691.76,2655.1,2716.62,2675.73,-13.24,-0.49,12179.0,62125.0,25.27,1.15,2611940.0,6206430.0
2024-05-17,859622.SI,油气及炼化工程,L3,2673.78,2642.33,2697.5,2677.84,2.11,0.08,10635.0,50771.0,25.29,1.15,2614000.0,6213500.0
2024-05-20,859622.SI,油气及炼化工程,L3,2686.47,2679.05,2828.85,2778.53,100.69,3.76,30856.0,154419.0,26.25,1.19,2712290.0,6426310.0
2024-05-21,859622.SI,油气及炼化工程,L3,2764.54,2694.87,2771.75,2708.65,-69.88,-2.52,18149.0,87271.0,25.59,1.16,2644070.0,6277690.0
2024-05-22,859622.SI,油气及炼化工程,L3,2704.12,2653.88,2716.57,2667.23,-41.42,-1.53,15147.0,72265.0,25.19,1.15,2603640.0,6184960.0
2024-05-23,859622.SI,油气及炼化工程,L3,2655.51,2597.32,2661.44,2609.46,-57.77,-2.17,13954.0,63564.0,24.65,1.12,2547250.0,6050550.0
2024-05-24,859622.SI,油气及炼化工程,L3,2600.47,2587.75,2643.73,2602.56,-6.89,-0.26,8401.0,40962.0,24.58,1.12,2540520.0,6038090.0
2024-05-27,859622.SI,油气及炼化工程,L3,2600.93,2593.8,2661.23,2648.58,46.01,1.77,10463.0,51699.0,25.02,1.14,2585440.0,6142100.0
2024-05-28,859622.SI,油气及炼化工程,L3,2648.56,2627.99,2697.1,2656.52,7.94,0.3,11662.0,61242.0,25.09,1.14,2593190.0,6143710.0
2024-05-29,859622.SI,油气及炼化工程,L3,2660.98,2634.26,2713.99,2675.51,18.98,0.71,10769.0,57529.0,25.27,1.15,2611720.0,6184250.0
2024-05-30,859622.SI,油气及炼化工程,L3,2661.79,2593.48,2672.69,2608.91,-66.59,-2.49,11429.0,55553.0,24.64,1.12,2546720.0,6047720.0
2024-05-31,859622.SI,油气及炼化工程,L3,2602.44,2578.67,2622.85,2592.69,-16.23,-0.62,8722.0,40516.0,24.49,1.11,2530880.0,6000760.0
2024-06-03,859622.SI,油气及炼化工程,L3,2597.19,2535.1,2614.21,2557.8,-34.89,-1.35,11709.0,52868.0,24.16,1.1,2496820.0,5926340.0
2024-06-04,859622.SI,油气及炼化工程,L3,2534.17,2493.41,2575.08,2557.84,0.04,0.0,11600.0,54017.0,24.16,1.1,2496860.0,5948120.0
2024-06-05,859622.SI,油气及炼化工程,L3,2549.22,2494.81,2564.16,2497.17,-60.67,-2.37,8857.0,39819.0,23.59,1.07,2437640.0,5808290.0
2024-06-06,859622.SI,油气及炼化工程,L3,2502.25,2451.08,2538.12,2467.7,-29.47,-1.18,14165.0,59718.0,23.31,1.06,2408870.0,5749450.0
2024-06-07,859622.SI,油气及炼化工程,L3,2492.99,2468.54,2526.46,2494.63,26.93,1.09,9197.0,38755.0,23.56,1.07,2435160.0,5810070.0
2024-06-11,859622.SI,油气及炼化工程,L3,2510.74,2447.66,2549.17,2476.15,-18.47,-0.74,11080.0,54219.0,23.39,1.06,2417120.0,5749360.0
2024-06-12,859622.SI,油气及炼化工程,L3,2455.94,2447.79,2523.14,2513.47,37.31,1.51,8435.0,40347.0,23.74,1.08,2453540.0,5829550.0
2024-06-13,859622.SI,油气及炼化工程,L3,2505.68,2465.67,2513.96,2480.97,-32.5,-1.29,6706.0,31151.0,23.43,1.07,2421820.0,5756000.0
2024-06-14,859622.SI,油气及炼化工程,L3,2477.94,2455.97,2513.78,2498.03,17.06,0.69,8192.0,36913.0,23.6,1.07,2438470.0,5793900.0
2024-06-17,859622.SI,油气及炼化工程,L3,2487.97,2450.46,2504.0,2469.89,-28.14,-1.13,7847.0,37738.0,23.33,1.06,2411010.0,5732940.0
2024-06-18,859622.SI,油气及炼化工程,L3,2448.25,2429.68,2478.78,2465.88,-4.01,-0.16,7808.0,37188.0,23.29,1.06,2407090.0,5731400.0
2024-06-19,859622.SI,油气及炼化工程,L3,2473.22,2457.93,2503.29,2468.32,2.44,0.1,8122.0,36063.0,23.32,1.06,2409480.0,5740820.0
2024-06-20,859622.SI,油气及炼化工程,L3,2471.96,2430.2,2510.35,2439.09,-29.23,-1.18,8772.0,41335.0,23.04,1.05,2380940.0,5681050.0
2024-06-21,859622.SI,油气及炼化工程,L3,2440.03,2413.61,2469.75,2438.93,-0.16,-0.01,7311.0,32122.0,23.04,1.05,2380780.0,5692950.0
2024-06-24,859622.SI,油气及炼化工程,L3,2434.62,2372.55,2440.27,2395.9,-43.03,-1.76,9209.0,39438.0,22.63,1.03,2338780.0,5593100.0
2024-06-25,859622.SI,油气及炼化工程,L3,2391.29,2386.59,2434.51,2405.91,10.01,0.42,7486.0,33202.0,22.73,1.03,2348550.0,5613170.0
2024-06-26,859622.SI,油气及炼化工程,L3,2393.12,2366.56,2432.11,2424.36,18.45,0.77,7972.0,33387.0,22.9,1.04,2366560.0,5650760.0
2024-06-27,859622.SI,油气及炼化工程,L3,2425.06,2367.82,2427.91,2378.17,-46.19,-1.91,7152.0,32279.0,22.46,1.02,2321480.0,5549070.0
2024-06-28,859622.SI,油气及炼化工程,L3,2382.28,2378.2,2461.43,2431.1,52.92,2.23,9865.0,46674.0,22.96,1.04,2373140.0,5670230.0
2024-07-01,859622.SI,油气及炼化工程,L3,2433.5,2425.18,2508.31,2501.04,69.94,2.88,9632.0,46731.0,23.62,1.07,2441420.0,5829780.0
2024-07-02,859622.SI,油气及炼化工程,L3,2515.13,2480.01,2534.59,2512.7,11.66,0.47,9671.0,43822.0,23.73,1.08,2452800.0,5849100.0
2024-07-03,859622.SI,油气及炼化工程,L3,2508.39,2481.82,2531.47,2493.03,-19.67,-0.78,6774.0,31833.0,23.55,1.07,2433600.0,5809390.0
2024-07-04,859622.SI,油气及炼化工程,L3,2494.39,2443.16,2512.5,2453.01,-40.02,-1.61,6722.0,29600.0,23.17,1.05,2394530.0,5724430.0
2024-07-05,859622.SI,油气及炼化工程,L3,2454.71,2423.68,2476.83,2462.02,9.01,0.37,6937.0,34702.0,23.26,1.06,2403320.0,5740260.0
2024-07-08,859622.SI,油气及炼化工程,L3,2461.57,2404.03,2472.21,2409.9,-52.12,-2.12,7017.0,32284.0,22.76,1.03,2352450.0,5630890.0
2024-07-09,859622.SI,油气及炼化工程,L3,2402.14,2339.9,2432.28,2423.23,13.33,0.55,10562.0,43630.0,22.89,1.04,2365460.0,5650410.0
2024-07-10,859622.SI,油气及炼化工程,L3,2412.78,2362.92,2425.55,2374.84,-48.39,-2.0,6716.0,29813.0,22.43,1.02,2318230.0,5537610.0
2024-07-11,859622.SI,油气及炼化工程,L3,2397.92,2384.4,2441.06,2424.97,50.12,2.11,8723.0,37513.0,22.91,1.04,2367160.0,5648690.0
2024-07-12,859622.SI,油气及炼化工程,L3,2421.98,2373.8,2448.75,2397.65,-27.32,-1.13,8514.0,37729.0,22.65,1.03,2340490.0,5602880.0
2024-07-15,859622.SI,油气及炼化工程,L3,2395.35,2334.19,2401.53,2352.15,-45.5,-1.9,7730.0,36108.0,22.22,1.01,2296070.0,5512730.0
2024-07-16,859622.SI,油气及炼化工程,L3,2351.1,2328.68,2382.7,2367.73,15.58,0.66,5406.0,26132.0,22.37,1.02,2311280.0,5547230.0
2024-07-17,859622.SI,油气及炼化工程,L3,2362.14,2289.74,2366.3,2305.2,-62.53,-2.64,7793.0,37550.0,21.77,0.99,2250250.0,5413170.0
2024-07-18,859622.SI,油气及炼化工程,L3,2309.66,2279.33,2346.98,2334.77,29.57,1.28,6785.0,31739.0,22.05,1.0,2279110.0,5481100.0
2024-07-19,859622.SI,油气及炼化工程,L3,2324.15,2287.44,2346.59,2326.65,-8.12,-0.35,8075.0,32786.0,21.98,1.0,2271180.0,5443360.0
2024-07-22,859622.SI,油气及炼化工程,L3,2306.14,2272.71,2325.56,2297.72,-28.93,-1.24,7852.0,34422.0,21.7,0.99,2242950.0,5379490.0
2024-07-23,859622.SI,油气及炼化工程,L3,2300.06,2265.31,2324.95,2267.82,-29.91,-1.3,8541.0,35512.0,21.42,0.97,2213750.0,5305300.0
2024-07-24,859622.SI,油气及炼化工程,L3,2264.92,2235.95,2297.97,2265.08,-2.74,-0.12,7026.0,30164.0,21.4,0.97,2211080.0,5298560.0
2024-07-25,859622.SI,油气及炼化工程,L3,2269.56,2223.3,2287.12,2239.53,-25.55,-1.13,6308.0,30580.0,21.15,0.96,2186140.0,5243080.0
2024-07-26,859622.SI,油气及炼化工程,L3,2243.09,2225.18,2272.83,2263.99,24.47,1.09,6484.0,31998.0,21.39,0.97,2210020.0,5305340.0
2024-07-29,859622.SI,油气及炼化工程,L3,2267.1,2248.54,2296.41,2283.2,19.2,0.85,6677.0,30283.0,21.57,0.98,2228760.0,5349910.0
2024-07-30,859622.SI,油气及炼化工程,L3,2279.96,2242.15,2290.31,2259.3,-23.89,-1.05,6196.0,27509.0,21.34,0.97,2205440.0,5301390.0
2024-07-31,859622.SI,油气及炼化工程,L3,2260.49,2253.37,2337.95,2326.58,67.27,2.98,12202.0,50652.0,21.98,1.0,2271110.0,5460030.0
2024-08-01,859622.SI,油气及炼化工程,L3,2332.81,2316.36,2375.5,2346.72,20.14,0.87,9821.0,43305.0,22.14,1.01,2287640.0,5507380.0
2024-08-02,859622.SI,油气及炼化工程,L3,2329.96,2298.95,2349.42,2313.46,-33.25,-1.42,8175.0,35376.0,21.82,0.99,2255230.0,5433420.0
2024-08-05,859622.SI,油气及炼化工程,L3,2284.32,2242.38,2362.59,2290.04,-23.42,-1.01,17405.0,68414.0,21.6,0.98,2232390.0,5369820.0
2024-08-06,859622.SI,油气及炼化工程,L3,2279.16,2258.64,2330.42,2288.4,-1.63,-0.07,12852.0,53745.0,21.59,0.98,2230800.0,5361120.0
2024-08-07,859622.SI,油气及炼化工程,L3,2290.36,2257.76,2300.68,2273.21,-15.2,-0.66,8510.0,36138.0,21.44,0.98,2215990.0,5340440.0
2024-08-08,859622.SI,油气及炼化工程,L3,2279.12,2263.77,2316.58,2298.06,24.85,1.09,8397.0,34904.0,21.68,0.99,2240220.0,5404310.0
2024-08-09,859622.SI,油气及炼化工程,L3,2303.52,2292.31,2341.43,2318.81,20.75,0.9,8547.0,35086.0,21.87,1.0,2260440.0,5458640.0
2024-08-12,859622.SI,油气及炼化工程,L3,2320.73,2291.84,2361.89,2346.89,28.08,1.21,10991.0,44644.0,22.14,1.01,2287820.0,5516740.0
2024-08-13,859622.SI,油气及炼化工程,L3,2382.83,2340.3,2419.92,2387.83,40.94,1.74,17970.0,76634.0,22.52,1.03,2327730.0,5616200.0
2024-08-14,859622.SI,油气及炼化工程,L3,2362.54,2337.25,2393.24,2352.97,-34.86,-1.46,12597.0,52984.0,22.2,1.01,2293740.0,5539160.0
2024-08-15,859622.SI,油气及炼化工程,L3,2346.38,2327.8,2382.75,2357.11,4.14,0.18,9947.0,41276.0,22.23,1.01,2297780.0,5559770.0
2024-08-16,859622.SI,油气及炼化工程,L3,2362.41,2321.76,2369.27,2334.12,-22.99,-0.98,8440.0,33886.0,22.02,1.0,2275370.0,5509400.0
2024-08-19,859622.SI,油气及炼化工程,L3,2345.48,2341.58,2405.94,2387.38,53.26,2.28,11288.0,48670.0,22.52,1.02,2327290.0,5644710.0
2024-08-20,859622.SI,油气及炼化工程,L3,2382.43,2335.48,2413.51,2344.18,-43.21,-1.81,9800.0,43988.0,22.11,1.0,2285170.0,5543840.0
2024-08-21,859622.SI,油气及炼化工程,L3,2332.37,2295.19,2344.15,2310.51,-33.67,-1.44,7334.0,30809.0,21.8,0.99,2252350.0,5460960.0
2024-08-22,859622.SI,油气及炼化工程,L3,2304.39,2250.65,2314.77,2265.5,-45.0,-1.95,7502.0,30878.0,21.36,0.97,2207520.0,5363630.0
2024-08-23,859622.SI,油气及炼化工程,L3,2249.26,2230.95,2281.87,2252.78,-12.72,-0.56,7442.0,29646.0,21.24,0.96,2195120.0,5316770.0
2024-08-26,859622.SI,油气及炼化工程,L3,2256.91,2236.33,2297.44,2281.3,28.52,1.27,9417.0,37029.0,21.51,0.98,2222910.0,5388420.0
2024-08-27,859622.SI,油气及炼化工程,L3,2285.59,2258.58,2314.24,2272.9,-8.41,-0.37,9294.0,37081.0,21.43,0.97,2214720.0,5378460.0
2024-08-28,859622.SI,油气及炼化工程,L3,2271.88,2257.1,2314.85,2276.08,3.18,0.14,7699.0,31837.0,21.46,0.97,2217820.0,5371680.0
2024-08-29,859622.SI,油气及炼化工程,L3,2269.48,2240.14,2284.99,2263.85,-12.22,-0.54,7932.0,31497.0,21.35,0.97,2205910.0,5337140.0
2024-08-30,859622.SI,油气及炼化工程,L3,2258.62,2253.51,2331.85,2305.49,41.64,1.84,8697.0,36784.0,21.74,0.99,2246480.0,5425800.0
2024-09-02,859622.SI,油气及炼化工程,L3,2287.1,2240.58,2308.1,2257.87,-47.62,-2.07,9421.0,40611.0,20.65,0.97,2200080.0,5338480.0
2024-09-03,859622.SI,油气及炼化工程,L3,2256.08,2226.61,2285.67,2238.52,-19.35,-0.86,8018.0,32013.0,20.47,0.96,2181220.0,5276410.0
2024-09-04,859622.SI,油气及炼化工程,L3,2214.02,2172.8,2222.31,2183.8,-54.72,-2.44,8209.0,33513.0,19.97,0.94,2127910.0,5145040.0
2024-09-05,859622.SI,油气及炼化工程,L3,2182.0,2165.46,2209.97,2180.76,-3.04,-0.14,5927.0,23572.0,19.94,0.93,2124940.0,5130470.0
2024-09-06,859622.SI,油气及炼化工程,L3,2184.35,2148.81,2194.55,2153.69,-27.07,-1.24,5837.0,23433.0,19.7,0.92,2098560.0,5069680.0
2024-09-09,859622.SI,油气及炼化工程,L3,2145.79,2110.94,2155.01,2127.53,-26.15,-1.21,6529.0,27037.0,19.46,0.91,2073080.0,5002740.0
2024-09-10,859622.SI,油气及炼化工程,L3,2122.67,2082.15,2156.28,2128.73,1.2,0.06,8798.0,35095.0,19.47,0.91,2074240.0,4997170.0
2024-09-11,859622.SI,油气及炼化工程,L3,2107.52,2064.86,2123.81,2091.31,-37.42,-1.76,10157.0,37287.0,19.13,0.9,2037780.0,4900290.0
2024-09-12,859622.SI,油气及炼化工程,L3,2089.55,2080.91,2135.55,2108.92,17.61,0.84,9416.0,33992.0,19.29,0.9,2054940.0,4929210.0
2024-09-13,859622.SI,油气及炼化工程,L3,2113.65,2091.27,2151.03,2101.35,-7.57,-0.36,10372.0,35943.0,19.22,0.9,2047570.0,4905420.0
2024-09-18,859622.SI,油气及炼化工程,L3,2098.31,2055.67,2112.96,2086.5,-14.85,-0.71,8856.0,30826.0,19.08,0.89,2033100.0,4873590.0
2024-09-19,859622.SI,油气及炼化工程,L3,2091.06,2057.21,2128.12,2105.07,18.57,0.89,11725.0,41501.0,19.25,0.9,2051190.0,4913190.0
2024-09-20,859622.SI,油气及炼化工程,L3,2102.88,2069.55,2120.58,2094.76,-10.31,-0.49,9151.0,32532.0,19.16,0.9,2041140.0,4895800.0
2024-09-23,859622.SI,油气及炼化工程,L3,2095.19,2075.91,2115.28,2099.53,4.77,0.23,6399.0,23632.0,19.2,0.9,2045790.0,4913290.0
2024-09-24,859622.SI,油气及炼化工程,L3,2111.32,2102.64,2202.36,2197.84,98.31,4.68,15111.0,57128.0,20.1,0.94,2141590.0,5149600.0
2024-09-25,859622.SI,油气及炼化工程,L3,2218.07,2207.37,2280.12,2227.41,29.57,1.35,19143.0,73893.0,20.37,0.95,2170400.0,5238590.0
2024-09-26,859622.SI,油气及炼化工程,L3,2223.78,2208.58,2272.95,2270.09,42.67,1.92,15721.0,63556.0,20.76,0.97,2211980.0,5350820.0
2024-09-27,859622.SI,油气及炼化工程,L3,2285.14,2269.34,2362.96,2349.9,79.81,3.52,17362.0,72154.0,21.49,1.01,2289750.0,5521200.0
2024-09-30,859622.SI,油气及炼化工程,L3,2436.58,2400.47,2584.94,2552.26,202.36,8.61,39665.0,184541.0,23.34,1.09,2486940.0,5989240.0
2024-10-08,859622.SI,油气及炼化工程,L3,2852.4,2597.76,2853.08,2733.05,180.78,7.08,50143.0,259764.0,24.99,1.17,2663090.0,6363930.0
2024-10-09,859622.SI,油气及炼化工程,L3,2654.65,2460.63,2660.95,2479.3,-253.75,-9.28,35188.0,173641.0,22.67,1.06,2415840.0,5807630.0
2024-10-10,859622.SI,油气及炼化工程,L3,2480.6,2452.03,2659.44,2563.76,84.46,3.41,37783.0,176821.0,23.45,1.1,2498140.0,6016460.0
2024-10-11,859622.SI,油气及炼化工程,L3,2568.6,2484.77,2617.42,2517.2,-46.55,-1.82,26588.0,133839.0,23.02,1.08,2452780.0,5902470.0
2024-10-14,859622.SI,油气及炼化工程,L3,2495.79,2456.94,2545.21,2531.48,14.28,0.57,22706.0,109852.0,23.15,1.08,2466690.0,5921480.0
2024-10-15,859622.SI,油气及炼化工程,L3,2484.1,2422.88,2506.48,2435.18,-96.3,-3.8,20192.0,97746.0,22.27,1.04,2372860.0,5703590.0
2024-10-16,859622.SI,油气及炼化工程,L3,2414.11,2389.0,2463.49,2430.79,-4.39,-0.18,14988.0,71664.0,22.23,1.04,2368580.0,5704090.0
2024-10-17,859622.SI,油气及炼化工程,L3,2439.17,2380.4,2470.54,2387.17,-43.62,-1.79,15618.0,71133.0,21.83,1.02,2326070.0,5597400.0
2024-10-18,859622.SI,油气及炼化工程,L3,2390.29,2363.69,2472.11,2439.48,52.31,2.19,18855.0,85728.0,22.31,1.04,2377040.0,5712560.0
2024-10-21,859622.SI,油气及炼化工程,L3,2433.94,2399.47,2470.3,2438.64,-0.84,-0.03,19464.0,93390.0,22.3,1.04,2376220.0,5693070.0
2024-10-22,859622.SI,油气及炼化工程,L3,2439.25,2423.09,2485.46,2481.75,43.11,1.77,17047.0,81936.0,22.7,1.06,2418230.0,5798060.0
2024-10-23,859622.SI,油气及炼化工程,L3,2484.95,2466.8,2543.82,2490.23,8.48,0.34,18001.0,90970.0,22.77,1.07,2426490.0,5822180.0
2024-10-24,859622.SI,油气及炼化工程,L3,2484.34,2449.97,2501.29,2473.85,-16.38,-0.66,11081.0,54936.0,22.62,1.06,2410530.0,5777400.0
2024-10-25,859622.SI,油气及炼化工程,L3,2472.5,2458.84,2503.4,2486.52,12.67,0.51,13498.0,67917.0,22.74,1.06,2422880.0,5804360.0
2024-10-28,859622.SI,油气及炼化工程,L3,2488.44,2475.34,2548.76,2537.22,50.71,2.04,23528.0,111568.0,23.2,1.07,2472280.0,5934560.0
2024-10-29,859622.SI,油气及炼化工程,L3,2536.42,2443.62,2543.37,2456.81,-80.42,-3.17,21960.0,102095.0,22.47,1.04,2393920.0,5757680.0
2024-10-30,859622.SI,油气及炼化工程,L3,2453.57,2415.47,2484.19,2455.47,-1.33,-0.05,16055.0,73421.0,22.46,1.04,2392620.0,5748690.0
2024-10-31,859622.SI,油气及炼化工程,L3,2448.1,2441.42,2498.93,2473.67,18.2,0.74,16564.0,74770.0,22.62,1.05,2410360.0,5804350.0
2024-11-01,859622.SI,油气及炼化工程,L3,2479.36,2452.71,2537.38,2486.41,12.74,0.52,22671.0,110250.0,22.59,1.06,2422770.0,5839870.0
2024-11-04,859622.SI,油气及炼化工程,L3,2487.84,2467.53,2541.62,2534.57,48.16,1.94,18480.0,88063.0,23.03,1.08,2469700.0,5958050.0
2024-11-05,859622.SI,油气及炼化工程,L3,2536.83,2526.27,2582.53,2575.0,40.43,1.6,21481.0,103505.0,23.4,1.09,2509090.0,6044660.0
2024-11-06,859622.SI,油气及炼化工程,L3,2579.59,2547.76,2649.87,2620.39,45.39,1.76,29391.0,153943.0,23.81,1.11,2553320.0,6118090.0
2024-11-07,859622.SI,油气及炼化工程,L3,2617.05,2586.95,2677.23,2658.93,38.55,1.47,30350.0,152574.0,24.16,1.13,2590880.0,6222980.0
2024-11-08,859622.SI,油气及炼化工程,L3,2664.68,2590.22,2695.16,2599.92,-59.01,-2.22,28033.0,139625.0,23.62,1.1,2533370.0,6076900.0
2024-11-11,859622.SI,油气及炼化工程,L3,2578.77,2535.46,2601.93,2577.08,-22.84,-0.88,20500.0,103249.0,23.42,1.09,2511120.0,6019740.0
2024-11-12,859622.SI,油气及炼化工程,L3,2578.13,2526.66,2608.43,2550.76,-26.32,-1.02,20848.0,105054.0,23.18,1.08,2485470.0,5951840.0
2024-11-13,859622.SI,油气及炼化工程,L3,2553.84,2521.97,2597.11,2569.3,18.54,0.73,16546.0,79482.0,23.34,1.09,2503540.0,6015640.0
2024-11-14,859622.SI,油气及炼化工程,L3,2560.39,2515.55,2595.8,2528.66,-40.64,-1.58,14998.0,82588.0,22.98,1.07,2463940.0,5916240.0
2024-11-15,859622.SI,油气及炼化工程,L3,2520.16,2498.24,2586.36,2517.13,-11.53,-0.46,18507.0,97834.0,22.87,1.07,2452700.0,5885720.0
2024-11-18,859622.SI,油气及炼化工程,L3,2545.71,2499.11,2615.88,2523.0,5.87,0.23,28931.0,138800.0,22.92,1.07,2458420.0,5955730.0
2024-11-19,859622.SI,油气及炼化工程,L3,2525.51,2480.92,2566.52,2540.28,17.29,0.69,17946.0,84023.0,23.08,1.08,2475270.0,5981730.0
2024-11-20,859622.SI,油气及炼化工程,L3,2534.47,2520.23,2603.32,2589.0,48.72,1.92,19838.0,97747.0,23.52,1.1,2522740.0,6103170.0
2024-11-21,859622.SI,油气及炼化工程,L3,2594.89,2539.59,2614.77,2559.94,-29.06,-1.12,16555.0,77774.0,23.26,1.09,2494420.0,6017720.0
2024-11-22,859622.SI,油气及炼化工程,L3,2566.18,2479.09,2614.85,2483.59,-76.35,-2.98,22003.0,102229.0,22.57,1.05,2420020.0,5826960.0
2024-11-25,859622.SI,油气及炼化工程,L3,2484.59,2456.12,2565.16,2503.44,19.85,0.8,23758.0,107928.0,22.75,1.06,2439360.0,5859720.0
2024-11-26,859622.SI,油气及炼化工程,L3,2503.38,2447.25,2514.9,2479.13,-24.3,-0.97,16188.0,73195.0,22.53,1.05,2415680.0,5817290.0
2024-11-27,859622.SI,油气及炼化工程,L3,2466.29,2408.24,2492.26,2484.24,5.1,0.21,13575.0,61737.0,22.57,1.05,2420660.0,5829000.0
2024-11-28,859622.SI,油气及炼化工程,L3,2475.12,2455.16,2518.05,2480.94,-3.29,-0.13,16064.0,71756.0,22.54,1.05,2417440.0,5830330.0
2024-11-29,859622.SI,油气及炼化工程,L3,2484.41,2460.05,2523.16,2501.85,20.91,0.84,14339.0,66896.0,22.73,1.06,2437820.0,5872460.0
2024-12-02,859622.SI,油气及炼化工程,L3,2506.53,2496.67,2565.91,2557.07,55.22,2.21,17743.0,80260.0,23.23,1.09,2491620.0,6010290.0
2024-12-03,859622.SI,油气及炼化工程,L3,2561.92,2528.16,2581.32,2570.76,13.68,0.54,15818.0,71886.0,23.36,1.09,2504960.0,6034380.0
2024-12-04,859622.SI,油气及炼化工程,L3,2563.64,2537.68,2641.83,2580.39,9.64,0.37,24492.0,112712.0,23.45,1.1,2514350.0,6075640.0
2024-12-05,859622.SI,油气及炼化工程,L3,2558.98,2522.7,2583.44,2547.35,-33.05,-1.28,18471.0,85243.0,23.15,1.08,2482150.0,5975680.0
2024-12-06,859622.SI,油气及炼化工程,L3,2544.3,2535.7,2612.57,2600.74,53.39,2.1,20616.0,92960.0,23.63,1.1,2534170.0,6106240.0
2024-12-09,859622.SI,油气及炼化工程,L3,2597.89,2579.77,2642.34,2606.05,5.32,0.2,18792.0,89395.0,23.68,1.11,2539350.0,6122600.0
2024-12-10,859622.SI,油气及炼化工程,L3,2657.02,2575.77,2669.2,2580.74,-25.31,-0.97,22615.0,105956.0,23.45,1.1,2514690.0,6059860.0
2024-12-11,859622.SI,油气及炼化工程,L3,2573.5,2568.86,2626.43,2618.85,38.11,1.48,15617.0,72968.0,23.79,1.11,2551820.0,6145370.0
2024-12-12,859622.SI,油气及炼化工程,L3,2618.37,2594.73,2643.71,2623.91,5.06,0.19,13879.0,64216.0,23.84,1.11,2556750.0,6147260.0
2024-12-13,859622.SI,油气及炼化工程,L3,2612.94,2538.43,2624.09,2542.76,-81.15,-3.09,17301.0,83512.0,23.1,1.08,2477680.0,5946430.0
2024-12-16,859622.SI,油气及炼化工程,L3,2547.39,2531.0,2582.59,2552.44,9.68,0.38,12139.0,56266.0,23.19,1.08,2487110.0,5977310.0
2024-12-17,859622.SI,油气及炼化工程,L3,2549.65,2477.64,2572.12,2494.39,-58.04,-2.27,15968.0,71395.0,22.66,1.06,2430550.0,5878820.0
2024-12-18,859622.SI,油气及炼化工程,L3,2508.22,2485.57,2548.24,2503.88,9.48,0.38,13741.0,62397.0,22.75,1.06,2439790.0,5906500.0
2024-12-19,859622.SI,油气及炼化工程,L3,2496.82,2446.02,2511.55,2489.51,-14.37,-0.57,12187.0,54650.0,22.62,1.06,2425790.0,5859980.0
2024-12-20,859622.SI,油气及炼化工程,L3,2488.0,2459.93,2507.31,2473.05,-16.46,-0.66,10241.0,48315.0,22.47,1.05,2409750.0,5810330.0
2024-12-23,859622.SI,油气及炼化工程,L3,2485.87,2439.48,2541.57,2454.24,-18.81,-0.76,22837.0,91316.0,22.3,1.04,2391420.0,5799940.0
2024-12-24,859622.SI,油气及炼化工程,L3,2438.32,2427.12,2494.81,2477.84,23.6,0.96,16593.0,65851.0,22.51,1.05,2414420.0,5864560.0
2024-12-25,859622.SI,油气及炼化工程,L3,2477.68,2434.2,2502.5,2458.84,-19.0,-0.77,13844.0,59537.0,22.34,1.04,2395910.0,5815550.0
2024-12-26,859622.SI,油气及炼化工程,L3,2460.56,2428.72,2473.67,2443.21,-15.63,-0.64,10369.0,46086.0,22.2,1.04,2380670.0,5777170.0
2024-12-27,859622.SI,油气及炼化工程,L3,2448.6,2435.36,2491.25,2481.13,37.92,1.55,12466.0,54293.0,22.53,1.05,2416560.0,5864640.0
2024-12-30,859622.SI,油气及炼化工程,L3,2480.39,2442.64,2498.69,2468.44,-12.69,-0.51,11245.0,49682.0,22.42,1.05,2404200.0,5832770.0
2024-12-31,859622.SI,油气及炼化工程,L3,2483.51,2420.93,2511.15,2431.67,-36.77,-1.49,14408.0,65649.0,22.08,1.03,2368390.0,5735710.0
2025-01-02,859622.SI,油气及炼化工程,L3,2430.45,2359.08,2466.67,2383.07,-48.6,-2.0,16359.0,77454.0,21.64,1.01,2321060.0,5600760.0
2025-01-03,859622.SI,油气及炼化工程,L3,2389.88,2358.26,2447.82,2369.69,-13.38,-0.56,17229.0,79753.0,21.52,1.01,2308030.0,5561020.0
2025-01-06,859622.SI,油气及炼化工程,L3,2373.99,2318.51,2398.04,2364.97,-4.72,-0.2,13864.0,61018.0,21.45,1.0,2300270.0,5571640.0
2025-01-07,859622.SI,油气及炼化工程,L3,2364.87,2345.49,2413.95,2400.33,35.36,1.5,12849.0,53844.0,21.77,1.02,2334660.0,5669830.0
2025-01-08,859622.SI,油气及炼化工程,L3,2395.15,2346.34,2439.67,2399.23,-1.1,-0.05,16517.0,71839.0,21.76,1.02,2333590.0,5642680.0
2025-01-09,859622.SI,油气及炼化工程,L3,2389.79,2336.01,2393.5,2342.62,-56.61,-2.36,11416.0,50825.0,21.25,0.99,2278530.0,5504500.0
2025-01-10,859622.SI,油气及炼化工程,L3,2351.69,2297.17,2359.82,2307.75,-34.87,-1.49,9373.0,41195.0,20.93,0.98,2244610.0,5426820.0
2025-01-13,859622.SI,油气及炼化工程,L3,2342.74,2325.58,2400.45,2363.18,55.43,2.4,14450.0,71646.0,21.43,1.0,2298530.0,5538730.0
2025-01-14,859622.SI,油气及炼化工程,L3,2349.7,2332.47,2428.33,2423.41,60.23,2.55,17215.0,84481.0,21.98,1.03,2357110.0,5688630.0
2025-01-15,859622.SI,油气及炼化工程,L3,2418.13,2386.56,2445.78,2416.91,-6.5,-0.27,12495.0,61964.0,21.92,1.02,2350790.0,5674870.0
2025-01-16,859622.SI,油气及炼化工程,L3,2446.78,2438.14,2506.06,2471.7,54.79,2.27,18399.0,97402.0,22.42,1.05,2404080.0,5801240.0
2025-01-17,859622.SI,油气及炼化工程,L3,2471.52,2434.7,2503.96,2487.31,15.61,0.63,14832.0,80022.0,22.56,1.05,2419260.0,5830500.0
2025-01-20,859622.SI,油气及炼化工程,L3,2495.36,2445.66,2515.79,2462.47,-24.84,-1.0,17259.0,84509.0,22.33,1.04,2395100.0,5750710.0
2025-01-21,859622.SI,油气及炼化工程,L3,2474.44,2388.19,2481.63,2405.46,-57.01,-2.32,15571.0,77573.0,21.82,1.02,2339650.0,5641130.0
2025-01-22,859622.SI,油气及炼化工程,L3,2400.19,2359.11,2409.37,2374.41,-31.05,-1.29,9939.0,48483.0,21.53,1.01,2309450.0,5578330.0
2025-01-23,859622.SI,油气及炼化工程,L3,2392.08,2376.67,2427.17,2383.0,8.59,0.36,11805.0,58532.0,21.61,1.01,2317810.0,5605190.0
2025-01-24,859622.SI,油气及炼化工程,L3,2379.61,2365.2,2420.46,2406.02,23.02,0.97,10321.0,55105.0,21.82,1.02,2340200.0,5653150.0
2025-01-27,859622.SI,油气及炼化工程,L3,2410.85,2396.65,2462.75,2416.17,10.14,0.42,12570.0,64974.0,21.91,1.02,2350070.0,5668940.0
2025-02-05,859622.SI,油气及炼化工程,L3,2423.52,2368.68,2437.96,2393.2,-22.96,-0.95,11389.0,57188.0,21.71,1.01,2327730.0,5607650.0
2025-02-06,859622.SI,油气及炼化工程,L3,2385.75,2370.97,2415.35,2412.97,19.77,0.83,11044.0,53190.0,21.88,1.02,2346960.0,5658610.0
2025-02-07,859622.SI,油气及炼化工程,L3,2410.9,2393.3,2437.15,2420.14,7.17,0.3,14357.0,70158.0,21.95,1.03,2353930.0,5673120.0
2025-02-10,859622.SI,油气及炼化工程,L3,2420.78,2410.4,2444.47,2428.99,8.85,0.37,11254.0,55745.0,22.03,1.03,2362540.0,5693350.0
2025-02-11,859622.SI,油气及炼化工程,L3,2433.62,2407.58,2452.52,2422.91,-6.08,-0.25,10874.0,53671.0,21.97,1.03,2356620.0,5671990.0
2025-02-12,859622.SI,油气及炼化工程,L3,2417.89,2388.03,2430.98,2413.57,-9.34,-0.39,11184.0,56988.0,21.89,1.02,2347540.0,5648810.0
2025-02-13,859622.SI,油气及炼化工程,L3,2404.62,2387.21,2420.8,2392.4,-21.16,-0.88,10284.0,48392.0,21.7,1.01,2326950.0,5604620.0
2025-02-14,859622.SI,油气及炼化工程,L3,2388.81,2363.56,2403.83,2374.59,-17.81,-0.74,9759.0,45470.0,21.54,1.01,2309630.0,5558240.0
2025-02-17,859622.SI,油气及炼化工程,L3,2377.29,2352.3,2393.27,2379.7,5.1,0.21,11617.0,52773.0,21.58,1.01,2314590.0,5571930.0
2025-02-18,859622.SI,油气及炼化工程,L3,2379.99,2337.5,2396.3,2345.78,-33.92,-1.43,11187.0,51565.0,21.28,0.99,2281600.0,5491260.0
2025-02-19,859622.SI,油气及炼化工程,L3,2344.66,2322.55,2390.69,2361.39,15.61,0.67,15005.0,71252.0,21.42,1.0,2296790.0,5520520.0
2025-02-20,859622.SI,油气及炼化工程,L3,2350.42,2326.75,2363.61,2344.16,-17.23,-0.73,13029.0,59373.0,21.26,0.99,2280030.0,5465860.0
2025-02-21,859622.SI,油气及炼化工程,L3,2346.42,2314.31,2358.35,2342.99,-1.17,-0.05,11628.0,52038.0,21.25,0.99,2278890.0,5474100.0
2025-02-24,859622.SI,油气及炼化工程,L3,2331.82,2320.11,2365.03,2354.81,11.82,0.5,11876.0,54406.0,21.36,1.0,2290380.0,5505840.0
2025-02-25,859622.SI,油气及炼化工程,L3,2346.36,2322.39,2372.01,2346.76,-8.05,-0.34,10864.0,58391.0,21.28,0.99,2282560.0,5475220.0
2025-02-26,859622.SI,油气及炼化工程,L3,2348.45,2338.28,2373.06,2359.46,12.69,0.54,10728.0,51732.0,21.4,1.0,2294900.0,5512770.0
2025-02-27,859622.SI,油气及炼化工程,L3,2360.78,2324.41,2374.55,2350.06,-9.39,-0.4,11536.0,52702.0,21.31,1.0,2285770.0,5486670.0
2025-02-28,859622.SI,油气及炼化工程,L3,2370.03,2355.62,2434.97,2397.48,47.42,2.02,22173.0,117505.0,21.74,1.02,2331890.0,5569310.0
2025-03-03,859622.SI,油气及炼化工程,L3,2403.36,2368.93,2456.94,2379.23,-18.25,-0.76,19185.0,113558.0,21.58,1.01,2314140.0,5539380.0
2025-03-04,859622.SI,油气及炼化工程,L3,2365.64,2345.35,2385.12,2369.15,-10.08,-0.42,10761.0,61322.0,21.49,1.0,2304340.0,5518400.0
2025-03-05,859622.SI,油气及炼化工程,L3,2368.66,2323.99,2375.16,2342.07,-27.08,-1.14,12741.0,62571.0,21.24,0.99,2277990.0,5449770.0
2025-03-06,859622.SI,油气及炼化工程,L3,2341.77,2317.63,2356.73,2342.93,0.87,0.04,13530.0,69388.0,21.25,0.99,2278840.0,5451020.0
2025-03-07,859622.SI,油气及炼化工程,L3,2335.86,2324.72,2366.52,2344.01,1.08,0.05,10851.0,58884.0,21.26,0.99,2279880.0,5450130.0
2025-03-10,859622.SI,油气及炼化工程,L3,2341.09,2327.02,2366.51,2346.84,2.83,0.12,9596.0,48043.0,21.28,0.99,2282640.0,5452160.0
2025-03-11,859622.SI,油气及炼化工程,L3,2326.45,2312.84,2356.4,2353.78,6.94,0.3,9942.0,48757.0,21.35,1.0,2289380.0,5470780.0
2025-03-12,859622.SI,油气及炼化工程,L3,2359.72,2340.19,2371.46,2355.2,1.42,0.06,8682.0,43729.0,21.36,1.0,2290770.0,5472220.0
2025-03-13,859622.SI,油气及炼化工程,L3,2357.92,2345.6,2404.67,2395.99,40.79,1.73,16667.0,84221.0,21.73,1.02,2330440.0,5560280.0
2025-03-14,859622.SI,油气及炼化工程,L3,2406.43,2386.8,2470.61,2452.55,56.55,2.36,26302.0,133287.0,22.24,1.04,2385450.0,5689770.0
2025-03-17,859622.SI,油气及炼化工程,L3,2494.29,2491.86,2638.47,2565.39,112.85,4.6,36481.0,231413.0,23.27,1.09,2495210.0,5922320.0
2025-03-18,859622.SI,油气及炼化工程,L3,2563.94,2528.59,2624.67,2592.24,26.85,1.05,27800.0,187116.0,21.96,1.09,2521320.0,5984090.0
2025-03-19,859622.SI,油气及炼化工程,L3,2590.39,2554.26,2613.48,2574.14,-18.1,-0.7,18171.0,119509.0,21.8,1.08,2503720.0,5946170.0
2025-03-20,859622.SI,油气及炼化工程,L3,2576.71,2568.95,2712.56,2661.94,87.8,3.41,33544.0,213974.0,22.55,1.12,2589110.0,6126270.0
2025-03-21,859622.SI,油气及炼化工程,L3,2692.86,2666.58,2905.62,2809.67,147.74,5.55,69154.0,437659.0,23.84,1.18,2732800.0,6440240.0
2025-03-24,859622.SI,油气及炼化工程,L3,2850.16,2723.54,2894.5,2830.44,20.77,0.74,65330.0,363254.0,24.09,1.19,2744390.0,6488960.0
2025-03-25,859622.SI,油气及炼化工程,L3,2759.03,2700.01,2813.0,2736.8,-93.64,-3.31,43097.0,241701.0,23.29,1.15,2653600.0,6320670.0
2025-03-26,859622.SI,油气及炼化工程,L3,2724.71,2693.95,2794.97,2721.34,-15.47,-0.57,31988.0,177210.0,23.16,1.15,2638600.0,6285260.0
2025-03-27,859622.SI,油气及炼化工程,L3,2708.36,2634.72,2740.13,2656.81,-64.53,-2.37,29648.0,155990.0,22.64,1.12,2584910.0,6143000.0
2025-03-28,859622.SI,油气及炼化工程,L3,2638.07,2578.18,2650.14,2588.61,-68.2,-2.57,22246.0,118642.0,22.06,1.09,2518560.0,5985190.0
2025-03-31,859622.SI,油气及炼化工程,L3,2568.14,2529.99,2593.4,2558.12,-30.49,-1.18,17074.0,89053.0,21.8,1.08,2488900.0,5919790.0
2025-04-01,859622.SI,油气及炼化工程,L3,2596.11,2573.34,2672.55,2599.89,41.77,1.63,27884.0,145674.0,22.16,1.1,2529530.0,6011650.0
2025-04-02,859622.SI,油气及炼化工程,L3,2590.47,2549.93,2611.16,2566.1,-33.79,-1.3,19805.0,102707.0,21.87,1.08,2496660.0,5940300.0
2025-04-03,859622.SI,油气及炼化工程,L3,2538.05,2521.08,2566.9,2550.27,-15.83,-0.62,16034.0,77794.0,21.74,1.07,2481260.0,5916500.0
2025-04-07,859622.SI,油气及炼化工程,L3,2372.2,2246.13,2399.56,2249.9,-300.37,-11.78,27040.0,125627.0,19.18,0.95,2189010.0,5251120.0
2025-04-08,859622.SI,油气及炼化工程,L3,2258.62,2218.37,2319.81,2275.84,25.94,1.15,25528.0,117535.0,19.4,0.96,2214260.0,5310740.0
2025-04-09,859622.SI,油气及炼化工程,L3,2250.15,2168.58,2348.75,2335.33,59.49,2.61,25155.0,115370.0,19.9,0.98,2272130.0,5454430.0
2025-04-10,859622.SI,油气及炼化工程,L3,2364.3,2339.35,2407.53,2375.67,40.34,1.73,21119.0,105918.0,20.25,1.0,2311380.0,5532130.0
2025-04-11,859622.SI,油气及炼化工程,L3,2355.3,2331.19,2384.76,2357.23,-18.44,-0.78,14742.0,72782.0,19.4,0.99,2293440.0,5491020.0
2025-04-14,859622.SI,油气及炼化工程,L3,2375.58,2363.66,2405.82,2388.03,30.8,1.31,14080.0,66437.0,19.65,1.01,2323410.0,5552060.0
2025-04-15,859622.SI,油气及炼化工程,L3,2385.64,2345.53,2391.34,2372.02,-16.01,-0.67,10294.0,48099.0,18.92,1.0,2307830.0,5512390.0
2025-04-16,859622.SI,油气及炼化工程,L3,2357.83,2298.58,2368.1,2338.72,-33.3,-1.4,12620.0,57638.0,18.66,0.99,2275430.0,5438570.0
2025-04-17,859622.SI,油气及炼化工程,L3,2336.81,2325.11,2372.7,2351.34,12.62,0.54,11455.0,51426.0,18.76,0.99,2287710.0,5455540.0
2025-04-18,859622.SI,油气及炼化工程,L3,2359.32,2343.02,2407.19,2379.75,28.42,1.21,13853.0,72483.0,18.99,1.0,2315350.0,5517720.0
2025-04-21,859622.SI,油气及炼化工程,L3,2362.55,2349.99,2426.73,2410.8,31.05,1.3,20545.0,91141.0,19.23,1.02,2345560.0,5577680.0
2025-04-22,859622.SI,油气及炼化工程,L3,2399.48,2377.9,2415.31,2388.39,-22.41,-0.93,16295.0,70915.0,19.06,1.01,2323760.0,5532100.0
2025-04-23,859622.SI,油气及炼化工程,L3,2397.35,2383.69,2424.8,2409.53,21.14,0.89,13792.0,63936.0,19.23,1.02,2342940.0,5581190.0
2025-04-24,859622.SI,油气及炼化工程,L3,2401.37,2378.72,2433.84,2398.58,-10.95,-0.45,13426.0,63161.0,19.15,1.01,2332290.0,5564860.0
2025-04-25,859622.SI,油气及炼化工程,L3,2401.99,2384.28,2430.9,2400.08,1.5,0.06,11158.0,51713.0,19.16,1.01,2333750.0,5564330.0
2025-04-28,859622.SI,油气及炼化工程,L3,2403.61,2343.27,2426.15,2375.01,-25.07,-1.04,15020.0,74316.0,18.96,0.99,2309370.0,5513530.0
2025-04-29,859622.SI,油气及炼化工程,L3,2369.62,2349.19,2410.15,2372.82,-2.19,-0.09,13381.0,62967.0,18.94,0.99,2307250.0,5496200.0
2025-04-30,859622.SI,油气及炼化工程,L3,2371.9,2356.94,2398.85,2371.38,-1.44,-0.06,12681.0,60770.0,18.93,0.99,2305840.0,5484040.0
2025-05-06,859622.SI,油气及炼化工程,L3,2375.82,2364.92,2409.03,2400.84,29.46,1.24,17584.0,82250.0,19.11,1.0,2334490.0,5547160.0
2025-05-07,859622.SI,油气及炼化工程,L3,2422.41,2408.54,2450.39,2438.49,37.65,1.57,18793.0,91626.0,19.41,1.02,2371100.0,5629980.0
2025-05-08,859622.SI,油气及炼化工程,L3,2390.72,2372.03,2418.9,2400.92,-37.57,-1.54,13860.0,66413.0,19.11,1.0,2334560.0,5540120.0
2025-05-09,859622.SI,油气及炼化工程,L3,2409.67,2367.9,2420.18,2375.42,-25.5,-1.06,11947.0,55915.0,18.91,0.99,2309770.0,5487340.0
2025-05-12,859622.SI,油气及炼化工程,L3,2384.44,2372.8,2419.53,2402.08,26.66,1.12,14062.0,67220.0,19.12,1.0,2335690.0,5547610.0
2025-05-13,859622.SI,油气及炼化工程,L3,2418.99,2395.05,2434.05,2405.44,3.37,0.14,13270.0,58844.0,19.15,1.0,2338970.0,5558450.0
2025-05-14,859622.SI,油气及炼化工程,L3,2410.35,2386.96,2423.24,2416.32,10.87,0.45,13787.0,59902.0,19.23,1.01,2349540.0,5588900.0
2025-05-15,859622.SI,油气及炼化工程,L3,2416.2,2387.73,2429.11,2392.18,-24.14,-1.0,13581.0,56844.0,19.04,1.0,2326070.0,5536760.0
2025-05-16,859622.SI,油气及炼化工程,L3,2384.39,2365.75,2407.63,2379.69,-12.49,-0.52,11835.0,48908.0,18.94,0.99,2313920.0,5495990.0
2025-05-19,859622.SI,油气及炼化工程,L3,2381.61,2372.64,2408.99,2398.61,18.92,0.8,10525.0,46081.0,19.09,1.0,2332320.0,5535070.0
2025-05-20,859622.SI,油气及炼化工程,L3,2399.29,2384.03,2432.73,2420.4,21.79,0.91,12762.0,59597.0,19.27,1.01,2353500.0,5579520.0
2025-05-21,859622.SI,油气及炼化工程,L3,2424.39,2404.92,2441.9,2420.2,-0.2,-0.01,12142.0,57431.0,19.26,1.01,2353320.0,5580650.0
2025-05-22,859622.SI,油气及炼化工程,L3,2408.82,2384.07,2427.86,2393.25,-26.96,-1.11,11981.0,58309.0,19.05,1.0,2327100.0,5517400.0
2025-05-23,859622.SI,油气及炼化工程,L3,2390.59,2363.79,2423.84,2371.0,-22.24,-0.93,12082.0,59096.0,18.87,0.99,2305480.0,5470670.0
2025-05-26,859622.SI,油气及炼化工程,L3,2372.46,2363.94,2403.95,2393.15,22.14,0.93,9378.0,46662.0,19.05,1.0,2327010.0,5519970.0
2025-05-27,859622.SI,油气及炼化工程,L3,2395.4,2374.84,2406.65,2393.06,-0.08,0.0,8849.0,38714.0,19.05,1.0,2326920.0,5520470.0
2025-05-28,859622.SI,油气及炼化工程,L3,2392.67,2381.3,2449.9,2436.72,43.66,1.82,13199.0,77079.0,19.4,1.02,2369380.0,5607650.0
2025-05-29,859622.SI,油气及炼化工程,L3,2433.26,2416.24,2452.77,2440.13,3.41,0.14,11604.0,61623.0,19.42,1.02,2372690.0,5619910.0
2025-05-30,859622.SI,油气及炼化工程,L3,2434.63,2413.15,2447.99,2424.32,-15.81,-0.65,9934.0,51406.0,19.3,1.01,2357320.0,5583300.0
2025-06-03,859622.SI,油气及炼化工程,L3,2427.36,2412.12,2450.33,2442.71,18.39,0.76,12140.0,62055.0,19.44,1.02,2375200.0,5617770.0
2025-06-04,859622.SI,油气及炼化工程,L3,2444.14,2429.96,2462.82,2452.49,9.78,0.4,10755.0,54345.0,19.52,1.02,2384710.0,5638260.0
2025-06-05,859622.SI,油气及炼化工程,L3,2449.43,2418.53,2455.38,2427.64,-24.85,-1.01,11610.0,53966.0,19.32,1.01,2360540.0,5582500.0
2025-06-06,859622.SI,油气及炼化工程,L3,2431.29,2424.57,2486.93,2474.15,46.51,1.92,16696.0,82399.0,19.69,1.03,2405770.0,5679710.0
2025-06-09,859622.SI,油气及炼化工程,L3,2496.88,2485.84,2557.97,2521.0,46.84,1.89,15156.0,113397.0,20.07,1.05,2451320.0,5775600.0
2025-06-10,859622.SI,油气及炼化工程,L3,2523.41,2458.86,2531.57,2481.37,-39.63,-1.57,14563.0,93860.0,19.75,1.03,2412790.0,5692530.0
2025-06-11,859622.SI,油气及炼化工程,L3,2488.2,2472.52,2515.03,2496.03,14.66,0.59,10516.0,62630.0,19.87,1.04,2427050.0,5728530.0
2025-06-12,859622.SI,油气及炼化工程,L3,2538.15,2511.16,2593.12,2536.34,40.31,1.61,21303.0,132284.0,20.19,1.06,2466240.0,5807780.0
2025-06-13,859622.SI,油气及炼化工程,L3,2690.61,2631.43,2755.26,2705.06,168.72,6.65,75437.0,412287.0,21.53,1.13,2630300.0,6152290.0
2025-06-16,859622.SI,油气及炼化工程,L3,2757.11,2663.52,2867.83,2744.42,39.36,1.45,90174.0,510005.0,21.84,1.14,2668570.0,6212440.0
2025-06-17,859622.SI,油气及炼化工程,L3,2671.0,2633.44,2877.04,2841.59,97.17,3.54,82890.0,486637.0,22.62,1.18,2763050.0,6351160.0
2025-06-18,859622.SI,油气及炼化工程,L3,2852.22,2782.05,2941.61,2829.63,-11.95,-0.42,70417.0,459318.0,22.52,1.18,2751430.0,6309180.0
2025-06-19,859622.SI,油气及炼化工程,L3,2766.61,2724.34,3021.69,2945.95,116.32,4.11,86439.0,543707.0,23.45,1.23,2864530.0,6536310.0
2025-06-20,859622.SI,油气及炼化工程,L3,2877.67,2762.52,2915.56,2796.08,-149.87,-5.09,57414.0,370543.0,22.26,1.16,2718800.0,6250960.0
2025-06-23,859622.SI,油气及炼化工程,L3,2888.82,2831.55,2949.33,2872.46,76.38,2.73,61989.0,394208.0,22.86,1.2,2793070.0,6393250.0
2025-06-24,859622.SI,油气及炼化工程,L3,2642.14,2611.15,2728.05,2647.87,-224.59,-7.82,68284.0,396904.0,21.08,1.1,2574690.0,5969740.0
2025-06-25,859622.SI,油气及炼化工程,L3,2605.14,2575.86,2653.08,2628.22,-19.66,-0.74,48465.0,253018.0,20.92,1.1,2555580.0,5958710.0
2025-06-26,859622.SI,油气及炼化工程,L3,2611.3,2595.25,2699.54,2648.85,20.64,0.79,50643.0,288181.0,21.08,1.1,2575640.0,5978840.0
2025-06-27,859622.SI,油气及炼化工程,L3,2610.42,2583.76,2633.59,2599.39,-49.47,-1.87,31368.0,177201.0,20.69,1.08,2527540.0,5894790.0
2025-06-30,859622.SI,油气及炼化工程,L3,2607.35,2590.5,2667.73,2645.78,46.39,1.78,33358.0,186099.0,21.06,1.1,2572650.0,5978050.0
2025-07-01,859622.SI,油气及炼化工程,L3,2645.38,2609.46,2659.82,2636.57,-9.2,-0.35,24170.0,133644.0,20.99,1.1,2563700.0,5963450.0
2025-07-02,859622.SI,油气及炼化工程,L3,2678.65,2655.86,2746.98,2708.35,71.78,2.72,43072.0,264711.0,21.56,1.13,2633500.0,6114010.0
2025-07-03,859622.SI,油气及炼化工程,L3,2709.47,2658.08,2724.93,2674.44,-33.91,-1.25,26869.0,161272.0,21.29,1.11,2600520.0,6045420.0
2025-07-04,859622.SI,油气及炼化工程,L3,2667.93,2638.76,2683.06,2655.09,-19.34,-0.72,22826.0,123242.0,21.13,1.11,2581710.0,6018330.0
2025-07-07,859622.SI,油气及炼化工程,L3,2637.49,2608.75,2659.26,2639.99,-15.11,-0.57,19824.0,105474.0,21.01,1.1,2567030.0,5989210.0
2025-07-08,859622.SI,油气及炼化工程,L3,2647.38,2629.55,2668.1,2658.78,18.79,0.71,19926.0,103291.0,21.16,1.11,2585290.0,6033650.0
2025-07-09,859622.SI,油气及炼化工程,L3,2656.13,2640.77,2688.18,2652.25,-6.53,-0.25,23012.0,117405.0,21.11,1.11,2578940.0,6029800.0
2025-07-10,859622.SI,油气及炼化工程,L3,2648.25,2641.25,2696.26,2678.91,26.66,1.01,20430.0,105549.0,21.32,1.12,2604870.0,6100230.0
2025-07-11,859622.SI,油气及炼化工程,L3,2671.36,2645.65,2686.18,2667.79,-11.12,-0.41,21306.0,110600.0,21.23,1.11,2594060.0,6076290.0
2025-07-14,859622.SI,油气及炼化工程,L3,2673.4,2662.56,2701.43,2674.12,6.33,0.24,17694.0,92893.0,21.29,1.11,2600220.0,6082520.0
2025-07-15,859622.SI,油气及炼化工程,L3,2659.29,2603.5,2662.57,2614.79,-59.33,-2.22,20559.0,106297.0,20.81,1.09,2542530.0,5957100.0
2025-07-16,859622.SI,油气及炼化工程,L3,2613.93,2599.22,2628.61,2611.7,-3.09,-0.12,11866.0,60094.0,20.79,1.09,2539520.0,5947170.0
2025-07-17,859622.SI,油气及炼化工程,L3,2608.31,2595.09,2624.71,2612.82,1.12,0.04,13108.0,63428.0,20.8,1.09,2540600.0,5947200.0
2025-07-18,859622.SI,油气及炼化工程,L3,2620.48,2607.12,2649.23,2638.81,25.99,0.99,18609.0,92466.0,21.0,1.1,2565880.0,6016280.0
2025-07-21,859622.SI,油气及炼化工程,L3,2632.94,2625.14,2689.57,2675.63,36.82,1.4,21650.0,103783.0,21.3,1.11,2601680.0,6115330.0
2025-07-22,859622.SI,油气及炼化工程,L3,2677.58,2646.99,2711.64,2701.93,26.31,0.98,22908.0,109407.0,21.51,1.13,2627260.0,6201320.0
2025-07-23,859622.SI,油气及炼化工程,L3,2711.48,2670.16,2724.81,2674.03,-27.9,-1.03,19368.0,94079.0,21.28,1.11,2600130.0,6140880.0
2025-07-24,859622.SI,油气及炼化工程,L3,2672.79,2652.39,2707.08,2704.03,29.99,1.12,17599.0,91240.0,21.52,1.13,2629290.0,6202960.0
2025-07-25,859622.SI,油气及炼化工程,L3,2703.76,2672.13,2718.5,2683.87,-20.15,-0.75,15010.0,76203.0,21.36,1.12,2609700.0,6148200.0
2025-07-28,859622.SI,油气及炼化工程,L3,2682.34,2645.41,2697.23,2679.35,-4.53,-0.17,14654.0,73353.0,21.33,1.12,2605300.0,6148000.0
2025-07-29,859622.SI,油气及炼化工程,L3,2689.28,2647.84,2704.65,2676.39,-2.96,-0.11,15555.0,84745.0,21.3,1.12,2602420.0,6143020.0
2025-07-30,859622.SI,油气及炼化工程,L3,2695.56,2679.59,2797.33,2739.53,63.15,2.36,41318.0,264006.0,21.81,1.14,2663820.0,6249100.0
2025-07-31,859622.SI,油气及炼化工程,L3,2729.63,2643.76,2734.92,2655.68,-83.85,-3.06,31224.0,186025.0,21.14,1.11,2582280.0,6069680.0
2025-08-01,859622.SI,油气及炼化工程,L3,2652.62,2629.41,2673.34,2643.2,-12.49,-0.47,18178.0,107668.0,21.04,1.1,2570140.0,6044420.0
2025-08-04,859622.SI,油气及炼化工程,L3,2630.79,2598.37,2664.66,2650.46,7.26,0.27,15707.0,86017.0,21.1,1.11,2577210.0,6060180.0
2025-08-05,859622.SI,油气及炼化工程,L3,2650.46,2641.46,2692.11,2678.47,28.01,1.06,16140.0,85407.0,21.32,1.12,2604440.0,6129000.0
2025-08-06,859622.SI,油气及炼化工程,L3,2676.9,2659.27,2698.3,2692.42,13.95,0.52,14251.0,75682.0,21.43,1.12,2618010.0,6165030.0
2025-08-07,859622.SI,油气及炼化工程,L3,2693.45,2674.38,2720.33,2709.9,17.48,0.65,16943.0,98170.0,21.57,1.13,2635010.0,6195520.0
2025-08-08,859622.SI,油气及炼化工程,L3,2705.82,2688.13,2744.33,2724.2,14.3,0.53,20112.0,107576.0,21.68,1.14,2648910.0,6235020.0
2025-08-11,859622.SI,油气及炼化工程,L3,2720.98,2681.99,2743.8,2712.98,-11.22,-0.41,20476.0,109920.0,21.59,1.13,2638000.0,6215540.0
2025-08-12,859622.SI,油气及炼化工程,L3,2712.5,2701.61,2764.64,2747.63,34.65,1.28,17773.0,100177.0,21.87,1.15,2671700.0,6300040.0
2025-08-13,859622.SI,油气及炼化工程,L3,2739.31,2718.57,2761.9,2736.28,-11.35,-0.41,16279.0,92281.0,21.78,1.14,2660660.0,6279690.0
2025-08-14,859622.SI,油气及炼化工程,L3,2734.95,2691.15,2764.7,2708.24,-28.04,-1.02,16241.0,91586.0,21.56,1.13,2633390.0,6204880.0
2025-08-15,859622.SI,油气及炼化工程,L3,2708.84,2694.55,2738.71,2725.05,16.8,0.62,13795.0,76764.0,21.69,1.14,2649730.0,6234760.0
2025-08-18,859622.SI,油气及炼化工程,L3,2716.29,2683.22,2729.92,2702.71,-22.33,-0.82,22552.0,123260.0,21.51,1.13,2628010.0,6185240.0
2025-08-19,859622.SI,油气及炼化工程,L3,2699.54,2670.18,2723.17,2691.16,-11.55,-0.43,17505.0,94147.0,21.42,1.13,2616780.0,6152300.0
2025-08-20,859622.SI,油气及炼化工程,L3,2691.87,2676.94,2739.06,2723.5,32.34,1.2,18879.0,125138.0,21.68,1.14,2648230.0,6231510.0
2025-08-21,859622.SI,油气及炼化工程,L3,2725.83,2712.62,2798.61,2777.55,54.05,1.98,32491.0,200967.0,22.11,1.17,2700790.0,6352800.0
2025-08-22,859622.SI,油气及炼化工程,L3,2772.95,2717.96,2780.1,2759.99,-17.56,-0.63,25895.0,153390.0,21.97,1.16,2683710.0,6325730.0
2025-08-25,859622.SI,油气及炼化工程,L3,2761.19,2743.53,2794.51,2778.42,18.42,0.67,30380.0,170245.0,22.12,1.16,2701630.0,6366130.0
2025-08-26,859622.SI,油气及炼化工程,L3,2778.47,2754.89,2820.71,2789.11,10.7,0.39,25545.0,137059.0,22.2,1.17,2712030.0,6386270.0
2025-08-27,859622.SI,油气及炼化工程,L3,2782.46,2714.61,2798.74,2719.08,-70.04,-2.51,26964.0,147201.0,21.64,1.14,2643930.0,6234080.0
2025-08-28,859622.SI,油气及炼化工程,L3,2714.62,2644.49,2761.81,2714.62,-4.45,-0.16,26670.0,147598.0,21.61,1.14,2639600.0,6235530.0
2025-08-29,859622.SI,油气及炼化工程,L3,2717.19,2687.1,2769.53,2702.16,-12.46,-0.46,26623.0,136375.0,21.51,1.13,2627480.0,6200790.0
2025-09-01,859622.SI,油气及炼化工程,L3,2736.78,2681.48,2781.68,2720.51,18.35,0.68,36022.0,191525.0,23.26,1.14,2645320.0,6239910.0
2025-09-02,859622.SI,油气及炼化工程,L3,2709.06,2638.23,2724.83,2698.05,-22.46,-0.83,34985.0,167852.0,23.07,1.13,2623480.0,6192560.0
2025-09-03,859622.SI,油气及炼化工程,L3,2699.57,2622.67,2715.33,2635.89,-62.16,-2.3,25413.0,128301.0,22.54,1.1,2563040.0,6039240.0
2025-09-04,859622.SI,油气及炼化工程,L3,2627.85,2584.89,2648.34,2618.5,-17.4,-0.66,21542.0,108960.0,22.39,1.1,2546130.0,6013440.0
2025-09-05,859622.SI,油气及炼化工程,L3,2616.26,2591.56,2661.03,2650.19,31.69,1.21,18035.0,92332.0,22.66,1.11,2576940.0,6064530.0
2025-09-08,859622.SI,油气及炼化工程,L3,2649.71,2635.71,2680.99,2658.8,8.61,0.32,17946.0,94391.0,22.73,1.11,2585320.0,6086830.0
2025-09-09,859622.SI,油气及炼化工程,L3,2657.35,2615.66,2665.65,2630.04,-28.76,-1.08,13483.0,69471.0,22.49,1.1,2557350.0,6026950.0
2025-09-10,859622.SI,油气及炼化工程,L3,2648.84,2637.14,2746.98,2709.59,79.55,3.02,43201.0,258688.0,23.17,1.13,2634700.0,6151150.0
2025-09-11,859622.SI,油气及炼化工程,L3,2690.85,2645.88,2717.16,2689.84,-19.75,-0.73,35459.0,202093.0,23.0,1.13,2615500.0,6124760.0
2025-09-12,859622.SI,油气及炼化工程,L3,2674.04,2649.15,2720.82,2686.8,-3.04,-0.11,33251.0,171643.0,22.97,1.12,2612540.0,6129140.0
2025-09-15,859622.SI,油气及炼化工程,L3,2691.46,2675.01,2740.48,2706.65,19.85,0.74,34850.0,183163.0,23.14,1.13,2631840.0,6151690.0
2025-09-16,859622.SI,油气及炼化工程,L3,2701.04,2659.21,2714.27,2693.1,-13.54,-0.5,24827.0,130233.0,23.03,1.13,2618670.0,6131150.0
2025-09-17,859622.SI,油气及炼化工程,L3,2702.67,2682.15,2738.28,2704.0,10.89,0.4,27762.0,152588.0,23.12,1.13,2629260.0,6163840.0
2025-09-18,859622.SI,油气及炼化工程,L3,2694.96,2624.53,2705.91,2641.67,-62.33,-2.31,28632.0,152393.0,22.59,1.11,2568660.0,6041980.0
2025-09-19,859622.SI,油气及炼化工程,L3,2638.42,2612.17,2657.52,2639.97,-1.69,-0.06,16649.0,82332.0,22.57,1.1,2567010.0,6035420.0
2025-09-22,859622.SI,油气及炼化工程,L3,2641.1,2600.86,2656.15,2632.29,-7.68,-0.29,14434.0,72326.0,22.51,1.1,2559540.0,6028000.0
2025-09-23,859622.SI,油气及炼化工程,L3,2624.78,2542.38,2630.86,2591.4,-40.89,-1.55,18750.0,95315.0,22.16,1.08,2519780.0,5929050.0
2025-09-24,859622.SI,油气及炼化工程,L3,2613.4,2597.71,2671.26,2642.12,50.72,1.96,26169.0,140879.0,22.59,1.11,2569100.0,6026920.0
2025-09-25,859622.SI,油气及炼化工程,L3,2630.36,2590.07,2651.08,2604.21,-37.91,-1.43,17234.0,93026.0,22.27,1.09,2532240.0,5946560.0
2025-09-26,859622.SI,油气及炼化工程,L3,2640.03,2607.36,2688.94,2628.54,24.33,0.93,29935.0,144826.0,22.47,1.1,2555900.0,6007080.0
2025-09-29,859622.SI,油气及炼化工程,L3,2623.39,2582.29,2667.07,2653.72,25.18,0.96,25146.0,134075.0,22.69,1.11,2580380.0,6037680.0
2025-09-30,859622.SI,油气及炼化工程,L3,2631.99,2611.04,2665.98,2648.3,-5.42,-0.2,22728.0,120216.0,22.64,1.11,2575110.0,6013820.0
2025-10-09,859622.SI,油气及炼化工程,L3,2649.15,2625.49,2700.22,2688.25,39.94,1.51,28567.0,145921.0,22.98,1.12,2613950.0,6143000.0
2025-10-10,859622.SI,油气及炼化工程,L3,2678.05,2663.45,2751.74,2726.18,37.93,1.41,31542.0,162852.0,23.31,1.14,2650840.0,6249160.0
2025-10-13,859622.SI,油气及炼化工程,L3,2645.27,2614.82,2692.13,2679.03,-47.15,-1.73,24152.0,123891.0,22.91,1.12,2604990.0,6146800.0
2025-10-14,859622.SI,油气及炼化工程,L3,2687.05,2675.72,2737.73,2703.67,24.64,0.92,28785.0,154857.0,23.12,1.13,2628940.0,6187280.0
2025-10-15,859622.SI,油气及炼化工程,L3,2709.12,2684.09,2742.53,2718.91,15.24,0.56,25261.0,130369.0,23.25,1.14,2643760.0,6220960.0
2025-10-16,859622.SI,油气及炼化工程,L3,2717.99,2676.7,2731.73,2695.79,-23.12,-0.85,19482.0,102395.0,23.05,1.13,2621280.0,6173460.0
2025-10-17,859622.SI,油气及炼化工程,L3,2696.41,2665.07,2729.77,2683.38,-12.41,-0.46,28814.0,159676.0,22.94,1.12,2609210.0,6121960.0
2025-10-20,859622.SI,油气及炼化工程,L3,2679.66,2657.68,2729.07,2723.05,39.68,1.48,27895.0,148226.0,23.28,1.14,2647790.0,6206040.0
2025-10-21,859622.SI,油气及炼化工程,L3,2754.67,2733.69,2873.06,2839.51,116.46,4.28,50500.0,290799.0,24.28,1.19,2761030.0,6450180.0
2025-10-22,859622.SI,油气及炼化工程,L3,2862.33,2825.01,2973.1,2928.18,88.66,3.12,67729.0,400687.0,25.04,1.23,2847250.0,6603560.0
2025-10-23,859622.SI,油气及炼化工程,L3,2912.06,2815.19,2924.92,2868.93,-59.24,-2.02,52603.0,289515.0,24.53,1.2,2789640.0,6522760.0
2025-10-24,859622.SI,油气及炼化工程,L3,2875.95,2787.49,2920.17,2800.19,-68.74,-2.4,42825.0,237189.0,23.94,1.17,2722800.0,6378880.0
2025-10-27,859622.SI,油气及炼化工程,L3,2806.79,2760.42,2853.0,2806.37,6.18,0.22,35570.0,185533.0,23.99,1.16,2728810.0,6405160.0
2025-10-28,859622.SI,油气及炼化工程,L3,2797.17,2756.13,2814.71,2774.07,-32.31,-1.15,26124.0,133073.0,23.72,1.15,2697400.0,6326060.0
2025-10-29,859622.SI,油气及炼化工程,L3,2766.26,2729.36,2801.33,2781.99,7.93,0.29,25767.0,133731.0,23.79,1.15,2705110.0,6340010.0
2025-10-30,859622.SI,油气及炼化工程,L3,2778.5,2739.91,2804.9,2750.86,-31.13,-1.12,23035.0,121762.0,23.52,1.14,2674830.0,6288340.0
2025-10-31,859622.SI,油气及炼化工程,L3,2744.69,2720.23,2772.01,2736.47,-14.39,-0.52,18913.0,94956.0,23.4,1.13,2660840.0,6225350.0
2025-11-03,859622.SI,油气及炼化工程,L3,2746.14,2734.15,2840.17,2825.77,89.3,3.26,35298.0,183456.0,24.99,1.17,2747670.0,6402530.0
2025-11-04,859622.SI,油气及炼化工程,L3,2810.77,2777.0,2831.85,2801.92,-23.85,-0.84,28350.0,137480.0,24.78,1.16,2724480.0,6355850.0
2025-11-05,859622.SI,油气及炼化工程,L3,2788.55,2765.82,2854.36,2834.99,33.07,1.18,29440.0,149902.0,25.08,1.17,2756640.0,6430140.0
2025-11-06,859622.SI,油气及炼化工程,L3,2822.34,2803.92,2863.47,2849.49,14.5,0.51,24124.0,129467.0,25.2,1.18,2770740.0,6464620.0
2025-11-07,859622.SI,油气及炼化工程,L3,2846.79,2829.85,2886.38,2856.31,6.82,0.24,25755.0,138988.0,25.26,1.18,2777370.0,6488250.0
2025-11-10,859622.SI,油气及炼化工程,L3,2850.28,2827.49,2889.19,2866.31,10.0,0.35,21416.0,114634.0,25.35,1.19,2787090.0,6514860.0
2025-11-11,859622.SI,油气及炼化工程,L3,2863.93,2846.17,2898.7,2869.55,3.24,0.11,18749.0,101256.0,25.38,1.19,2790240.0,6529040.0
2025-11-12,859622.SI,油气及炼化工程,L3,2900.42,2887.28,2995.12,2925.8,56.25,1.96,47528.0,271436.0,25.88,1.21,2844930.0,6631720.0
2025-11-13,859622.SI,油气及炼化工程,L3,2883.95,2831.1,2923.66,2909.47,-16.33,-0.56,37055.0,204020.0,25.73,1.21,2829060.0,6605070.0
2025-11-14,859622.SI,油气及炼化工程,L3,2903.72,2876.19,2957.18,2910.27,0.8,0.03,30831.0,183713.0,25.74,1.21,2829830.0,6587540.0
2025-11-17,859622.SI,油气及炼化工程,L3,2898.19,2872.17,2941.14,2915.77,5.51,0.19,28163.0,160372.0,25.79,1.21,2835190.0,6577820.0
2025-11-18,859622.SI,油气及炼化工程,L3,2905.52,2839.08,2918.07,2863.24,-52.53,-1.8,24794.0,139481.0,25.33,1.19,2784110.0,6460070.0
2025-11-19,859622.SI,油气及炼化工程,L3,2860.88,2835.68,2919.67,2870.88,7.64,0.27,25431.0,153425.0,25.39,1.19,2791540.0,6477050.0
2025-11-20,859622.SI,油气及炼化工程,L3,2850.66,2796.94,2873.16,2813.19,-57.69,-2.01,22938.0,132712.0,24.88,1.17,2735440.0,6356240.0
2025-11-21,859622.SI,油气及炼化工程,L3,2790.27,2674.7,2809.98,2679.28,-133.91,-4.76,27351.0,150022.0,23.7,1.11,2605240.0,6075200.0
2025-11-24,859622.SI,油气及炼化工程,L3,2721.89,2653.92,2757.23,2701.68,22.4,0.84,23591.0,125187.0,23.9,1.12,2627010.0,6104380.0
2025-11-25,859622.SI,油气及炼化工程,L3,2710.71,2681.19,2737.56,2700.21,-1.47,-0.05,19008.0,115103.0,23.88,1.12,2625580.0,6095460.0
2025-11-26,859622.SI,油气及炼化工程,L3,2694.32,2673.23,2729.08,2679.38,-20.84,-0.77,16206.0,95604.0,23.7,1.11,2605320.0,6053540.0
2025-11-27,859622.SI,油气及炼化工程,L3,2682.62,2662.05,2702.72,2679.7,0.32,0.01,13017.0,70381.0,23.7,1.11,2605640.0,6057260.0
2025-11-28,859622.SI,油气及炼化工程,L3,2691.65,2679.3,2738.48,2722.1,42.4,1.58,19279.0,105033.0,24.08,1.13,2646860.0,6130200.0
2025-12-01,859622.SI,油气及炼化工程,L3,2726.01,2715.52,2780.42,2762.97,40.88,1.5,24132.0,142655.0,24.44,1.14,2686610.0,6208970.0
2025-12-02,859622.SI,油气及炼化工程,L3,2752.83,2706.77,2784.09,2755.62,-7.35,-0.27,20158.0,109685.0,24.37,1.14,2679460.0,6203870.0
2025-12-03,859622.SI,油气及炼化工程,L3,2744.82,2730.3,2791.34,2764.4,8.78,0.32,15543.0,86278.0,24.45,1.15,2688000.0,6222310.0
2025-12-04,859622.SI,油气及炼化工程,L3,2762.69,2727.61,2783.94,2739.38,-25.03,-0.91,13918.0,74091.0,24.23,1.13,2663670.0,6180840.0
2025-12-05,859622.SI,油气及炼化工程,L3,2732.11,2715.65,2779.14,2773.39,34.02,1.24,13561.0,71497.0,24.53,1.15,2696740.0,6257900.0
2025-12-08,859622.SI,油气及炼化工程,L3,2752.78,2703.41,2771.2,2727.14,-46.25,-1.67,18452.0,93708.0,24.12,1.13,2651770.0,6159460.0
2025-12-09,859622.SI,油气及炼化工程,L3,2716.1,2652.27,2723.56,2655.58,-71.56,-2.62,18336.0,91755.0,23.49,1.1,2582190.0,6011080.0
2025-12-10,859622.SI,油气及炼化工程,L3,2655.06,2629.23,2672.31,2661.14,5.56,0.21,13974.0,69421.0,23.54,1.1,2587590.0,6021960.0
2025-12-11,859622.SI,油气及炼化工程,L3,2664.88,2614.84,2684.98,2618.88,-42.27,-1.59,14661.0,71293.0,23.16,1.08,2546500.0,5938220.0
2025-12-12,859622.SI,油气及炼化工程,L3,2619.35,2609.27,2651.92,2622.27,3.39,0.13,13240.0,66140.0,23.19,1.09,2549790.0,5949160.0
2025-12-15,859622.SI,油气及炼化工程,L3,2619.4,2602.85,2647.45,2622.01,-0.26,-0.01,11414.0,57291.0,23.19,1.09,2549540.0,5954420.0
2025-12-16,859622.SI,油气及炼化工程,L3,2613.63,2550.24,2622.57,2559.47,-62.53,-2.38,15821.0,79046.0,22.64,1.06,2488740.0,5825150.0
2025-12-17,859622.SI,油气及炼化工程,L3,2554.5,2523.06,2582.15,2571.24,11.77,0.46,12566.0,60685.0,22.74,1.07,2500180.0,5853300.0
2025-12-18,859622.SI,油气及炼化工程,L3,2587.54,2570.1,2622.09,2593.22,21.97,0.85,14931.0,79722.0,22.94,1.07,2521540.0,5901150.0
2025-12-19,859622.SI,油气及炼化工程,L3,2585.95,2572.55,2626.26,2613.83,20.62,0.79,13504.0,69819.0,23.12,1.08,2541590.0,5947110.0
2025-12-22,859622.SI,油气及炼化工程,L3,2620.62,2613.78,2655.44,2634.56,20.73,0.79,12553.0,66332.0,23.3,1.09,2561750.0,5987460.0
2025-12-23,859622.SI,油气及炼化工程,L3,2649.69,2630.25,2691.76,2651.08,16.52,0.63,19161.0,87489.0,23.45,1.1,2577810.0,6014380.0
2025-12-24,859622.SI,油气及炼化工程,L3,2646.74,2630.93,2678.82,2672.08,21.0,0.79,13590.0,62351.0,23.63,1.11,2598230.0,6065810.0
2025-12-25,859622.SI,油气及炼化工程,L3,2675.12,2654.87,2701.44,2679.15,7.07,0.26,12880.0,60328.0,23.7,1.11,2605100.0,6075800.0
2025-12-26,859622.SI,油气及炼化工程,L3,2677.94,2660.2,2699.21,2679.54,0.39,0.01,13540.0,66711.0,23.7,1.11,2605480.0,6072060.0
2025-12-29,859622.SI,油气及炼化工程,L3,2673.51,2654.38,2713.32,2671.97,-7.57,-0.28,17251.0,87212.0,23.63,1.11,2598120.0,6056720.0
2025-12-30,859622.SI,油气及炼化工程,L3,2667.41,2637.84,2703.23,2672.67,0.7,0.03,18420.0,93980.0,23.64,1.11,2598810.0,6059570.0
2025-12-31,859622.SI,油气及炼化工程,L3,2669.41,2635.16,2678.85,2657.62,-15.06,-0.56,14309.0,74083.0,23.51,1.1,2584160.0,6033170.0
2026-01-05,859622.SI,油气及炼化工程,L3,2736.54,2679.87,2771.02,2705.26,47.65,1.79,33849.0,193676.0,23.93,1.12,2630500.0,6110630.0
2026-01-06,859622.SI,油气及炼化工程,L3,2708.87,2696.35,2792.27,2763.6,58.33,2.16,33652.0,195657.0,24.44,1.14,2687220.0,6236780.0
2026-01-07,859622.SI,油气及炼化工程,L3,2737.92,2699.36,2778.53,2737.51,-26.08,-0.94,31896.0,184979.0,24.21,1.13,2661860.0,6166240.0
2026-01-08,859622.SI,油气及炼化工程,L3,2719.22,2701.97,2850.38,2810.17,72.66,2.65,34567.0,190028.0,24.86,1.16,2732510.0,6325280.0
2026-01-09,859622.SI,油气及炼化工程,L3,2845.63,2801.0,2925.38,2888.1,77.93,2.77,38011.0,240846.0,25.55,1.2,2808280.0,6478740.0
2026-01-12,859622.SI,油气及炼化工程,L3,2843.43,2819.96,2907.68,2883.74,-4.36,-0.15,30668.0,191143.0,25.51,1.19,2804040.0,6486630.0
2026-01-13,859622.SI,油气及炼化工程,L3,2883.41,2863.02,3022.3,2951.47,67.73,2.35,43828.0,302118.0,26.11,1.22,2869890.0,6590320.0
2026-01-14,859622.SI,油气及炼化工程,L3,2917.15,2911.57,3122.29,3036.23,84.77,2.87,49470.0,360288.0,26.86,1.26,2952320.0,6736670.0
2026-01-15,859622.SI,油气及炼化工程,L3,3019.06,2993.46,3121.03,3098.92,62.69,2.06,36867.0,284029.0,27.41,1.28,3013270.0,6842930.0
2026-01-16,859622.SI,油气及炼化工程,L3,3059.8,2920.99,3079.3,2951.53,-147.39,-4.76,58464.0,335969.0,26.11,1.22,2869960.0,6568080.0
2026-01-19,859622.SI,油气及炼化工程,L3,2928.77,2891.75,3021.74,2997.96,46.43,1.57,36102.0,213417.0,26.52,1.24,2915100.0,6684070.0
2026-01-20,859622.SI,油气及炼化工程,L3,2993.6,2933.38,3038.43,3006.68,8.72,0.29,31531.0,189662.0,26.59,1.25,2923580.0,6728610.0
2026-01-21,859622.SI,油气及炼化工程,L3,3005.81,2984.91,3120.31,3110.08,103.4,3.44,39521.0,243498.0,27.51,1.29,3024130.0,6916150.0
2026-01-22,859622.SI,油气及炼化工程,L3,3096.09,3088.11,3325.15,3233.15,123.07,3.96,62321.0,418700.0,28.6,1.34,3143790.0,7183070.0
2026-01-23,859622.SI,油气及炼化工程,L3,3201.86,3167.17,3292.86,3240.87,7.73,0.24,47477.0,324920.0,28.67,1.34,3151300.0,7179160.0
2026-01-26,859622.SI,油气及炼化工程,L3,3259.95,3231.03,3408.37,3342.88,102.0,3.15,56413.0,433999.0,29.57,1.38,3250490.0,7361490.0
2026-01-27,859622.SI,油气及炼化工程,L3,3300.64,3234.13,3410.62,3314.35,-28.52,-0.85,49069.0,387752.0,29.32,1.37,3222750.0,7272650.0
2026-01-28,859622.SI,油气及炼化工程,L3,3367.09,3343.38,3628.41,3590.32,275.97,8.33,77748.0,638545.0,31.76,1.49,3491100.0,7800100.0
2026-01-29,859622.SI,油气及炼化工程,L3,3676.45,3575.22,3945.21,3907.31,316.98,8.83,97725.0,851245.0,34.56,1.62,3799320.0,8435800.0
2026-01-30,859622.SI,油气及炼化工程,L3,3860.47,3640.09,4053.2,3722.64,-184.66,-4.73,104912.0,926962.0,32.93,1.54,3619760.0,8058390.0
2026-02-02,859622.SI,油气及炼化工程,L3,3404.77,3381.37,3621.02,3441.31,-281.33,-7.56,75588.0,603194.0,30.44,1.43,3346200.0,7486870.0
2026-02-03,859622.SI,油气及炼化工程,L3,3495.04,3430.55,3589.3,3541.89,100.58,2.92,49114.0,440769.0,31.33,1.47,3444000.0,7656480.0
2026-02-04,859622.SI,油气及炼化工程,L3,3618.67,3557.44,3734.11,3660.03,118.15,3.34,52123.0,531033.0,32.37,1.52,3558880.0,7917060.0
2026-02-05,859622.SI,油气及炼化工程,L3,3656.19,3517.78,3737.11,3544.36,-115.68,-3.16,50822.0,422049.0,31.35,1.47,3446400.0,7674890.0
2026-02-06,859622.SI,油气及炼化工程,L3,3480.42,3420.09,3751.4,3680.28,135.92,3.83,55151.0,520782.0,32.55,1.52,3578560.0,7917960.0
2026-02-09,859622.SI,油气及炼化工程,L3,3650.88,3581.74,3711.34,3608.49,-71.79,-1.95,42792.0,417353.0,31.92,1.49,3508760.0,7788910.0
2026-02-10,859622.SI,油气及炼化工程,L3,3602.68,3549.3,3660.32,3576.55,-31.93,-0.88,33250.0,315722.0,31.64,1.48,3477710.0,7741150.0
2026-02-11,859622.SI,油气及炼化工程,L3,3547.96,3538.32,3767.52,3715.46,138.9,3.88,52336.0,422490.0,32.86,1.54,3612770.0,8091260.0
2026-02-12,859622.SI,油气及炼化工程,L3,3743.33,3641.33,3826.84,3670.33,-45.13,-1.21,48658.0,401309.0,32.46,1.52,3568890.0,8026340.0
2026-02-13,859622.SI,油气及炼化工程,L3,3627.81,3502.17,3643.79,3532.64,-137.69,-3.75,35204.0,279954.0,31.25,1.46,3435000.0,7706240.0
2026-02-24,859622.SI,油气及炼化工程,L3,3688.24,3670.63,3984.3,3974.15,441.52,12.5,50776.0,470761.0,35.15,1.65,3864320.0,8602180.0
2026-02-25,859622.SI,油气及炼化工程,L3,3968.77,3900.35,4243.27,4104.86,130.7,3.29,102102.0,976579.0,36.31,1.7,3991410.0,8787750.0
2026-02-26,859622.SI,油气及炼化工程,L3,4071.74,4022.33,4232.09,4061.23,-43.63,-1.06,59919.0,627174.0,35.92,1.68,3948990.0,8663070.0
2026-02-27,859622.SI,油气及炼化工程,L3,4072.92,3989.72,4200.83,4076.89,15.66,0.39,45437.0,491290.0,36.06,1.69,3964220.0,8694250.0
2026-03-02,859622.SI,油气及炼化工程,L3,4537.28,4358.04,4621.39,4621.39,544.5,13.36,91795.0,782023.0,40.88,1.91,4493670.0,9766770.0
2026-03-03,859622.SI,油气及炼化工程,L3,5040.45,4937.11,5249.87,5249.87,628.48,13.6,102731.0,1162100.0,46.44,2.17,5104780.0,10993200.0
2026-03-04,859622.SI,油气及炼化工程,L3,5211.01,4592.2,5534.34,5196.11,-53.76,-1.02,158239.0,1760930.0,45.96,2.15,5052500.0,10793700.0
2026-03-05,859622.SI,油气及炼化工程,L3,4895.83,4687.52,5258.81,4852.85,-343.26,-6.61,111149.0,1338940.0,42.92,2.01,4718720.0,10076000.0
2026-03-06,859622.SI,油气及炼化工程,L3,4758.93,4597.49,4877.1,4671.25,-181.6,-3.74,71216.0,857188.0,41.32,1.94,4542150.0,9756450.0
2026-03-09,859622.SI,油气及炼化工程,L3,5184.07,4728.6,5262.48,4756.26,85.01,1.82,114307.0,1405390.0,42.07,1.97,4624800.0,9926280.0
2026-03-10,859622.SI,油气及炼化工程,L3,4204.62,4200.26,4598.42,4418.28,-337.98,-7.11,80431.0,890044.0,39.08,1.83,4296160.0,9249540.0
2026-03-11,859622.SI,油气及炼化工程,L3,4384.42,4284.46,4549.15,4474.4,56.13,1.27,61354.0,762031.0,39.58,1.85,4350740.0,9322040.0
2026-03-12,859622.SI,油气及炼化工程,L3,4580.17,4369.77,4670.05,4451.63,-22.78,-0.51,66188.0,836123.0,39.38,1.84,4328590.0,9301170.0
2026-03-13,859622.SI,油气及炼化工程,L3,4506.62,4343.36,4616.88,4434.96,-16.66,-0.37,54699.0,635578.0,39.23,1.84,4312390.0,9247870.0
2026-03-16,859622.SI,油气及炼化工程,L3,4426.92,4330.08,4653.86,4402.85,-32.12,-0.72,51510.0,571578.0,38.94,1.82,4281160.0,9193610.0
2026-03-17,859622.SI,油气及炼化工程,L3,4369.19,4210.28,4460.35,4363.43,-39.41,-0.9,53757.0,634766.0,38.6,1.81,4242840.0,9045580.0
2026-03-18,859622.SI,油气及炼化工程,L3,4257.57,4128.16,4308.07,4192.3,-171.13,-3.92,44340.0,509985.0,37.08,1.74,4076440.0,8729450.0
2026-03-19,859622.SI,油气及炼化工程,L3,4356.21,4218.9,4434.07,4315.26,122.96,2.93,62299.0,823305.0,38.17,1.79,4196000.0,8916050.0
2026-03-20,859622.SI,油气及炼化工程,L3,4103.82,4032.86,4230.62,4137.94,-177.32,-4.11,47774.0,565466.0,36.6,1.71,4023580.0,8572820.0
2026-03-23,859622.SI,油气及炼化工程,L3,4129.75,3974.68,4261.48,4130.67,-7.27,-0.18,52591.0,636759.0,35.11,1.72,4016510.0,8517390.0
2026-03-24,859622.SI,油气及炼化工程,L3,4084.19,3967.58,4141.72,4080.79,-49.88,-1.21,43332.0,529029.0,34.69,1.7,3968010.0,8470580.0
2026-03-25,859622.SI,油气及炼化工程,L3,3904.89,3862.41,4076.75,4029.68,-51.11,-1.25,40988.0,495807.0,34.5,1.68,3946520.0,8430260.0
2026-03-26,859622.SI,油气及炼化工程,L3,4020.72,3932.35,4195.06,4092.94,63.26,1.57,48336.0,569938.0,35.04,1.71,4008470.0,8584670.0
2026-03-27,859622.SI,油气及炼化工程,L3,4045.89,3995.44,4166.35,4119.84,26.9,0.66,35838.0,434998.0,35.27,1.72,4034820.0,8643970.0
2026-03-30,859622.SI,油气及炼化工程,L3,4199.21,4006.69,4224.37,4043.5,-76.33,-1.85,35766.0,422918.0,34.62,1.69,3960060.0,8512810.0
2026-03-31,859622.SI,油气及炼化工程,L3,4014.31,3879.59,4066.75,3893.35,-150.15,-3.71,33685.0,397339.0,33.33,1.63,3813000.0,8237960.0
2026-04-01,859622.SI,油气及炼化工程,L3,3881.26,3835.4,4017.72,3914.56,21.21,0.54,35460.0,400325.0,33.51,1.64,3833780.0,8325810.0
2026-04-02,859622.SI,油气及炼化工程,L3,3948.68,3934.09,4158.35,4108.68,194.12,4.96,65471.0,661911.0,35.17,1.72,4023890.0,8791460.0
2026-04-03,859622.SI,油气及炼化工程,L3,4089.22,3948.61,4159.93,4057.9,-50.78,-1.24,70150.0,552127.0,34.74,1.69,3974160.0,8785680.0
2026-04-07,859622.SI,油气及炼化工程,L3,4021.33,3882.16,4238.04,4187.92,130.01,3.2,61575.0,507058.0,35.85,1.75,4101490.0,9022820.0
2026-04-08,859622.SI,油气及炼化工程,L3,3835.75,3806.9,4050.04,3970.53,-217.39,-5.19,72646.0,617063.0,33.99,1.66,3888590.0,8630970.0
2026-04-09,859622.SI,油气及炼化工程,L3,4023.43,3914.11,4103.11,3988.42,17.89,0.45,54653.0,511101.0,34.14,1.67,3906110.0,8623060.0
2026-04-10,859622.SI,油气及炼化工程,L3,3956.97,3917.14,4168.43,4106.53,118.11,2.96,49075.0,486980.0,35.16,1.72,4021790.0,8850490.0
2026-04-13,859622.SI,油气及炼化工程,L3,4182.87,3940.82,4229.06,4099.64,-6.89,-0.17,61035.0,607063.0,37.19,1.72,4015040.0,8772410.0
2026-04-14,859622.SI,油气及炼化工程,L3,3994.73,3951.01,4081.48,4052.33,-47.31,-1.15,42372.0,411950.0,36.76,1.7,3968700.0,8670680.0
2026-04-15,859622.SI,油气及炼化工程,L3,3986.12,3917.06,4028.79,3946.48,-105.85,-2.61,33744.0,335111.0,35.8,1.65,3865040.0,8451680.0
2026-04-16,859622.SI,油气及炼化工程,L3,3924.95,3864.04,3984.56,3951.69,5.21,0.13,29090.0,259084.0,35.85,1.65,3870140.0,8470770.0
2026-04-17,859622.SI,油气及炼化工程,L3,3958.46,3836.83,4016.59,3901.94,-49.75,-1.26,32025.0,289952.0,35.4,1.63,3821420.0,8333300.0
2026-04-20,859622.SI,油气及炼化工程,L3,3867.02,3808.29,3940.63,3904.79,2.85,0.07,31050.0,290664.0,35.42,1.64,3824210.0,8340290.0
2026-04-21,859622.SI,油气及炼化工程,L3,3906.75,3820.49,3940.05,3882.78,-22.02,-0.56,23264.0,227780.0,34.53,1.63,3802650.0,8292470.0
2026-04-22,859622.SI,油气及炼化工程,L3,3887.3,3798.4,3927.56,3847.09,-35.68,-0.92,25098.0,229619.0,34.21,1.61,3767700.0,8200670.0
2026-04-23,859622.SI,油气及炼化工程,L3,3850.92,3829.18,4050.85,3984.81,137.72,3.58,44135.0,463716.0,35.44,1.67,3902580.0,8506140.0
2026-04-24,859622.SI,油气及炼化工程,L3,3944.15,3806.36,3991.98,3841.33,-143.49,-3.6,33325.0,335290.0,34.16,1.61,3762050.0,8218580.0
2026-04-27,859622.SI,油气及炼化工程,L3,3808.91,3754.32,3927.82,3855.23,13.91,0.36,35763.0,289835.0,34.29,1.62,3775670.0,8301670.0
2026-04-28,859622.SI,油气及炼化工程,L3,3837.31,3774.03,3937.07,3898.14,42.9,1.11,27051.0,277457.0,34.67,1.63,3817690.0,8373860.0
2026-04-29,859622.SI,油气及炼化工程,L3,3890.41,3870.77,4022.65,3975.7,77.57,1.99,26098.0,262883.0,35.36,1.61,3893660.0,8534800.0
2026-04-30,859622.SI,油气及炼化工程,L3,4032.37,3880.3,4051.19,3935.94,-39.76,-1.0,27008.0,291523.0,35.0,1.59,3854720.0,8443510.0
2026-05-06,859622.SI,油气及炼化工程,L3,3856.01,3744.64,3879.3,3801.9,-134.04,-3.41,32562.0,287683.0,36.2,1.54,3723440.0,8145120.0
2026-05-07,859622.SI,油气及炼化工程,L3,3771.48,3625.34,3782.24,3662.2,-139.71,-3.67,28927.0,288415.0,34.87,1.48,3586620.0,7864350.0
2026-05-08,859622.SI,油气及炼化工程,L3,3680.68,3649.51,3740.23,3703.05,40.85,1.12,25987.0,240932.0,35.26,1.5,3626630.0,7932420.0
2026-05-11,859622.SI,油气及炼化工程,L3,3741.25,3685.8,3804.04,3712.52,9.47,0.26,29337.0,252309.0,35.35,1.5,3635900.0,7962770.0
2026-05-12,859622.SI,油气及炼化工程,L3,3723.2,3630.08,3755.78,3657.88,-54.63,-1.47,22627.0,181287.0,34.83,1.48,3582400.0,7864760.0
2026-05-13,859622.SI,油气及炼化工程,L3,3673.86,3604.15,3705.91,3627.92,-29.96,-0.82,19996.0,175603.0,34.54,1.47,3553050.0,7815130.0
2026-05-14,859622.SI,油气及炼化工程,L3,3622.38,3546.16,3682.88,3593.49,-34.43,-0.95,21779.0,217129.0,34.21,1.46,3519330.0,7733260.0
2026-05-15,859622.SI,油气及炼化工程,L3,3585.94,3540.65,3649.74,3614.95,21.46,0.6,21184.0,195153.0,34.42,1.46,3540350.0,7773470.0
2026-05-18,859622.SI,油气及炼化工程,L3,3679.24,3619.08,3841.99,3774.74,159.79,4.42,48230.0,428768.0,35.94,1.53,3696840.0,8149490.0
2026-05-19,859622.SI,油气及炼化工程,L3,3739.39,3663.58,3831.15,3744.7,-30.04,-0.8,41147.0,331779.0,35.65,1.52,3667420.0,8109410.0
2026-05-20,859622.SI,油气及炼化工程,L3,3753.07,3716.39,3881.97,3753.56,8.86,0.24,39262.0,352477.0,35.74,1.52,3676100.0,8141320.0
2026-05-21,859622.SI,油气及炼化工程,L3,3672.45,3510.83,3697.06,3527.91,-225.66,-6.01,41267.0,322587.0,33.59,1.43,3455100.0,7648590.0
2026-05-22,859622.SI,油气及炼化工程,L3,3534.28,3486.33,3596.68,3553.99,26.09,0.74,23875.0,194790.0,33.84,1.44,3480650.0,7709670.0
2026-05-25,859622.SI,油气及炼化工程,L3,3494.17,3310.36,3524.83,3336.78,-217.21,-6.11,31338.0,251433.0,31.77,1.35,3267920.0,7257150.0
2026-05-26,859622.SI,油气及炼化工程,L3,3317.98,3240.99,3342.52,3282.85,-53.93,-1.62,21624.0,171075.0,31.25,1.33,3215100.0,7131700.0
